{
	"en": {
		"DropZone": "Drag and drop the numbering target",
		"CurrentNo": "Current Parts No.",
		"DetailedItems": "Detailed items by Parts type",
		"Next": "Next",
		"Cancel": "Cancel",
		"ConceptProductName": "Concept Product Name",
		"ClassificationCapabilities": "Classification Capabilities",
		"ClassificationCategory": "Functional Classification",
		"Electrical": "Electrical",
		"Mechanical": "Mechanical",
		"ProductName": "Product Name",
		"MarketParts": "Market Parts",
		"ConceptSpecificParts": "Concept Specific Parts",
		"SpecificParts": "Specific Parts",
		"ConceptDocument": "Concept Document",
		"Document": "Document",
		"ConceptTechnologyManagementDocument": "Concept Technology Management Document",
		"TechnologyManagementDocument": "Technology Management Document",
		"Folder": "Folder",
		"DocumentMBOM": "Document (M-BOM)",
		"TechnologyManagementDocumentMBOM": "Technology Management Document (M-BOM)",
		"FolderMBOM": "Folder (M-BOM)",
		"ServiceParts": "Service Parts",
		"MarketPartsCode": "Market Parts Code",
		"SupplementaryMaterialCode": "Supplementary Material Code",
		"MoldDiagram": "Mold Diagram",
		"StandardProductDiagram": "Standard Product Diagram",
		"SpecialOrderProductDiagram": "Special Order Product Diagram",
		"ProductionEquipmentDiagram": "Production Equipment Diagram",
		"JigToolDiagram": "Jig & Tool Diagram",
		"ElectricalSpecificParts": "Electrical Specific Parts",
		"MechanicalSpecificParts": "Mechanical Specific Parts",
		"PanelPartsManuscript": "Panel Parts/Manuscript",
		"PackingMaterial": "Packing Material",
		"ComplexParts": "Complex Parts",
		"BodyNameplateSculptureDrawing": "Body Nameplate Sculpture Drawing",
		"PrintSubstrate": "Print Substrate",
		"SpecificationConcerned": "Specification Concerned",
		"RegulationConfigurationTableConcerned": "Regulation/Configuration Table Concerned",
		"DrawingConcerned": "Drawing Concerned",
		"ProductionProcessConcerned": "Production Process Concerned",
		"ManualConcerned": "Manual Concerned",
		"ChecklistConcerned": "Checklist Concerned",
		"AttachmentConcerned": "Attachment Concerned",
		"QualityGuaranteedConcerned": "Quality Guaranteed Concerned",
		"ValidationDesignConcerned": "Validation/Design Concerned",
		"Other": "Other",
		"ProductSpecificationDocument": "Product Specification Document",
		"UnitSpecificationDocument": "Unit Specification Document",
		"SpecialOrderSpecificationDocument": "Special Order Specification Document",
		"JigToolSpecificationDocument": "Jig & Tool Specification Document",
		"SoftwareSpecificationDocument": "Software Specification Document",
		"(NA)FunctionSpecificationDocument": "(N/A)Function Specification Document",
		"(NA)SystemSpecificationDocument": "(N/A)System Specification Document",
		"PackingSpecificationDocument": "Packing Specification Document",
		"CoatingSpecificationDocument": "Coating Specification Document",
		"ProductSpecificationTableDetailedSpecification": "Product Specification Table/Detailed Specification",
		"UnitSpecificationTableDetailedSpecification": "Unit Specification Table/Detailed Specification",
		"SpecialOrderSpecificationTableDetailedSpecification": "Special Order Specification Table/Detailed Specification",
		"ProductConfigurationTable": "Product Configuration Table",
		"UnitProductConfigurationTable": "Unit Product Configuration Table",
		"SpecialOrderProductConfigurationTable": "Special Order Product Configuration Table",
		"JigAndToolStructureList": "Jig And Tool Structure List",
		"CircuitDiagramBlockDiagram": "Circuit Diagram/Block Diagram",
		"AssemblyDiagram": "Assembly Diagram",
		"OutsideDrawing": "Outside Drawing",
		"CircuitDiagramJigAndTool": "Circuit Diagram(Jig And Tool Structure List)",
		"AssemblyDrawingJigAndTool": "Assembly Drawing(Jig And Tool Structure List)",
		"CircuitDiagramSpecialOrder": "Circuit Diagram(Special Order)",
		"AssemblyDrawingSpecialOrder": "Assembly Drawing(Special Order)",
		"OutsideDrawingSpecialOrder": "Outside Drawing(Special Order)",
		"BoardMeasurementsChart": "Board Measurements Chart",
		"ProductionFlowDiagram": "Production Flow Diagram",
		"QCProcessDiagram": "QC Process Diagram",
		"ManufactureFlow": "Manufacture Flow",
		"PartsCheckInstructions": "Parts Check Instructions",
		"AcceptanceCheckInstructions": "Acceptance Check Instructions",
		"WiringInstructions": "Wiring Instructions",
		"AssemblyInstructions": "Assembly Instructions",
		"AssemblyWiringInstructions": "Assembly Wiring Instructions",
		"InProcessCheckInstructions": "In the Process Check Instructions",
		"CompletedProductCheckInstructions": "Completed Product Check Instructions",
		"PackingInstructions": "Packing Instructions",
		"RemodeInstructions": "Remode Instructions",
		"AcceptanceChecksheet": "Acceptance Checksheet",
		"WiringChecksheet": "Wiring Checksheet",
		"AssemblyChecksheet": "Assembly Checksheet",
		"InProcessChecksheet": "In the Process Checksheet",
		"CompletedProductChecksheet": "Completed Product Checksheet",
		"MoldChecksheet": "Mold Checksheet",
		"PartsChecksheet": "Parts Checksheet",
		"AssemblyWiringChecksheet": "Assembly Wiring Checksheet",
		"PackingChecksheet": "Packing Checksheet",
		"OperatorsManualJapanese": "Operator's Manual (Japanese)",
		"OperatorsManualOversea": "Operator's Manual (Oversea)",
		"DomesticServiceManualInstallationManagementStandard": "Domestic Service Manual/Installation Management Standard Document",
		"ServiceManualOversea": "Service Manual (Oversea)",
		"OperatorsManualCDROM": "Operator's Manual (CDROM)",
		"AttachmentHighlightDocument": "Attachment (Highlight Document)",
		"RecurrentTestManual": "Recurrent Test Manual",
		"DomesticMaintenanceInspectionManual": "Domestic Maintenance/Inspection Manual",
		"RecyclingInformationDocument": "Recycling Information Document",
		"PSAnalysisSheet": "PS Analysis Sheet",
		"KeyPartsList": "Key Parts List",
		"ValidationPlan": "Validation Plan",
		"DeviceTraceabilityMatrix": "Device Traceability Matrix",
		"PrototypeDesignChangeInstruction": "Prototype Design Change Instruction",
		"DesignChangeInstructionNotification": "Design Change Instruction/Notification (ECO/ECN)",
		"CSVPlans": "CSV Plans",
		"QMSSoftwareValidationSystemSuitabilityTestTable": "QMS Software Validation / System Suitability Test Table",
		"RevisionConfigurationTable": "Revision Configuration Table",
		"QualityStandards": "Quality Standards",
		"ProductStandards": "Product Standards",
		"UnitProductLedger": "Unit Product Ledger",
		"FileOfConformityWithBasicRequirements": "File of Conformity with Basic Requirements",
		"ChecksheetOfConformityWithBasicRequirements": "Checksheet of Conformity with Basic Requirements",
		"A1": "A1",
		"A2": "A2",
		"A3": "A3",
		"A4": "A4",
		"Electronization": "Electronization",
		"JigConcerned": "Jig Concerned",
		"ProductionEquipmentDataConcerned": "Production Equipment Data Concerned",
		"(NA)SystemCheckSpecificationsCertificate": "(N/A) System Check Specifications/Certificate",
		"ForJiguSensitiveInspectionDocument": "For Jig/Sensitive Inspection Document",
		"English": "English",
		"Chinese": "Chinese",
		"OtherLanguage": "Other Language",
		"Domestic": "Domestic",
		"InstallationManagementStandardDocument": "Installation Management Standard Document",
		"ReviewConcerned": "Review Concerned",
		"DesignData": "Design Data",
		"SoftwareConcerned": "Software Concerned",
		"DesignChangeConcerned": "Design Change Concerned",
		"DesignTransferAndProductionConcerned": "Design Transfer and Production Concerned",
		"ServiceConcerned": "Service Concerned",
		"QualityConcerned": "Quality Concerned",
		"MeetingRequestNoticeReportConcerned": "Meeting Request Notice Report Concerned",
		"ConceptDevelopment": "Concept Development",
		"ProductDevelopmentPlans": "Product Development Plans",
		"Attachment": "Attachment",
		"DesignReviewProposal": "Design Review Proposal",
		"TrialProductReviewProposal": "Trial Product Review Proposal",
		"CommodificationReviewProposal": "Commodification Review Proposal",
		"DomesticSalesStrategyReviewProposal": "Domestic Sales Strategy Review Proposal",
		"OverseasSalesStrategyReviewProposal": "Overseas Sales Strategy Review Proposal",
		"ProductRequirementsDevelopmentTable": "Product Requirements Development Table",
		"ReviewProcessCompletionConfirmation": "Review/Process Completion Confirmation",
		"ConsiderationAdministrationTable": "Consideration Administration Table",
		"ApplicationFormForDevelopmentPlans": "Application Form for Development Plans",
		"FileOfRiskManagement": "File of Risk Management",
		"RiskAnalysisAuxiliaryChecklistNA": "Risk Analysis Auxiliary Checklist (NA)",
		"RiskAnalysisAuxiliaryChecklistBio": "Risk Analysis Auxiliary Checklist (Bio)",
		"ReportOfRiskManagement": "Report of Risk Management",
		"ProductDevelopmentPlan": "Product Development Plan",
		"PlansOfProductIntroduction": "Plans of Product Introduction",
		"PlansOfElementTechnologyDevelopment": "Plans of Element Technology Development",
		"ConsiderationDocumentOfProductsIntroduction": "Consideration Document of Products Introduction",
		"AssessmentPlansOfProductsIntroduction": "Assessment Plans of Products Introduction",
		"PlansOfProductSales": "Plans of Product Sales",
		"ProductManufacturingContractPlan": "Product Manufacturing Contract Plan",
		"PlansOfProductDisposition": "Plans of Product Disposition",
		"PlansOfApproveDisposition": "Plans of Approve Disposition",
		"CustomerRequirementsInputDevelopmentTable": "Customer Requirements Input Development Table",
		"RiskManagementPlan": "Risk Management Plan",
		"RM_Table": "RM_Table",
		"PS_Table": "PS_Table",
		"RiskManagementReport": "Risk Management Report",
		"PostMarketSurveillancePlan": "Post-market Surveillance Plan",
		"PostMarketSurveillanceReport": "Post-market Surveillance Report",
		"CyberSecurityRiskManagementPlanAnalyzeReport": "Cyber Security Risk Management Plan / Analyze / Report",
		"ClinicalAssessmentPlansPerformanceAssessmentPlans": "Clinical Assessment Plans / Performance Assessment Plans",
		"ClinicalAssessmentReportPerformanceAssessmentReport": "Clinical Assessment Report / Performance Assessment Report",
		"SSCP_SSP": "SSCP/SSP",
		"ClinicalDevelopmentPlan": "Clinical Development Plan",
		"SystematicProductProjectPlanningDocument": "(System) Systematic Product Project Planning Document",
		"SystemAddendum": "(System) Addendum",
		"QualityTable": "Quality Table",
		"ClarificationOfProperty": "Clarification of Property",
		"WorkBreakdownStructure": "Work Breakdown Structure",
		"BOM": "BOM",
		"NewlyAdoptedParts": "Newly Adopted Parts",
		"MinutesOfPriorReview": "Minutes of Prior Review",
		"MainChecklist": "Main Checklist",
		"SubChecklist": "Sub Checklist",
		"DesignHistoryFile": "Design History File",
		"HistoryOfManufacturingTrialProduct": "History of Manufacturing Trial Product",
		"FunctionAndPerformanceConfirmationChecksheet": "Function and Performance Confirmation Checksheet",
		"CatalogImage": "Catalog Image",
		"IdeaSketch": "Idea Sketch",
		"DesignTrihedralFigure": "Design Trihedral Figure",
		"Rendering": "Rendering",
		"DesignChecklist": "Design Checklist",
		"DesignCompletedReport": "Design Completed Report",
		"DesignSpecificationDocument": "Design Specification Document",
		"UserManualDraft": "User Manual (Draft)",
		"AddendumDraft": "Addendum (Draft)",
		"ProductionTransferConfirmation": "Production Transfer Confirmation",
		"UserInterfaceSpecification": "User Interface Specification (Usability Specification Document)",
		"UserInterfaceAssessmentPlans": "User Interface Assessment Plans (Usability Assessment Plans)",
		"UserInterfaceAssessmentReport": "User Interface Assessment Report (Usability Assessment Report)",
		"UsabilityProcessReport": "Usability Process Report",
		"UsabilityProcessPlan": "Usability Process Plan",
		"UESpecificationsRelatedToUse": "UE Specifications Related to Use",
		"UERiskAssessmentSheet": "UE Risk Assessment Sheet",
		"HFEUEResport": "HFE/UE Report",
		"BasicTechnologyDesignKnowhow": "Basic Technology (Design know-how)",
		"AssessmentPlans": "Assessment Plans",
		"EvaluationTestReport": "Evaluation Test Report",
		"EvaluationTestPlanningDocumentReport": "Evaluation Test Planning Document/Report",
		"SystemMinutesOfRequirementsSpecificationReview": "(System) Minutes of Requirements Specification Review",
		"SystemMinutesOfDesignReview": "(System) Minutes of Design Review",
		"SystemMinutesOfCustomizationReview": "(System) Minutes of Customization Review",
		"NewSoftwareDevelopmentPlans": "(Newly) Software Development Plans",
		"NewSoftwareRequirementSpecificationDocument": "(Newly) Software Requirement Specification Document",
		"NewSoftwareArchitectureDetailedSpecification": "(Newly) Software Architecture Detailed Specification",
		"NewSoftwareDetailedSpecification": "(Newly) Software Detailed Specification",
		"NewSoftwareUnitTestSpecificationsCertificate": "(Newly) Software Unit Test Specifications/Certificate",
		"NewIntegrationTestSpecificationsCertificate": "(Newly) Integration Test Specifications/Certificate",
		"NewSystemCheckSpecificationsCertificate": "(Newly) System Check Specifications/Certificate",
		"NewSystemArchitectureDetailedSpecification": "(Newly) System Architecture Detailed Specification",
		"NewSoftwareTestPlanningDocumentDebriefReport": "(Newly) Software Test Planning Document/Debrief Report",
		"NewBasicOperationDocumentation": "(Newly) Basic Operation Documentation",
		"TraceabilityMatrix": "Traceability Matrix",
		"Old1ProgramSpecification": "(Old1) Program Specification",
		"Old1ModuleSpecification": "(Old1) Module Specification",
		"Old1DataStructureSpecification": "(Old1) Data Structure Specification",
		"Old1UnitTestSpecification": "(Old1) Unit Test Specification",
		"Old1IntegratedTestSpecification": "(Old1) Integrated Test Specification",
		"Old1CodeReviewReport": "(Old1) Code Review Report",
		"Old1OperationsTestPlanResult": "(Old1) Operations Test Plan/Result",
		"Old1UnitTestResultReport": "(Old1) Unit Test Result Report",
		"Old1IntegratedTestResultReport": "(Old1) Integrated Test Result Report",
		"Old1SystemCheckReport": "(Old1) System Check Report",
		"Old1CodeChecklist": "(Old1) Code Checklist",
		"Old1UnitTestSpecificationCertificate": "(Old1) Unit Test Specification/Certificate",
		"Old2SoftwareITSpecificationReport": "(Old2) Software IT Specification/Report",
		"Old2SoftwareConformityTestSpecificationReport": "(Old2) Software Conformity Test Specification/Report",
		"Old2SoftwareRequirementSpecification": "(Old2) Software Requirement Specification",
		"Old2SoftwareMethodDetailDesign": "(Old2) Software Method Detail Design",
		"Old2SoftwareDetailDesign": "(Old2) Software Detail Design",
		"Old2CordTestRecord": "(Old2) Cord/Test Record",
		"Old2SystemIntegratedRecord": "(Old2) System Integrated Record",
		"Old2SystemConformityTestSpecificationReport": "(Old2) System Conformity Test Specification/Report",
		"ChangeSoftwareManagementSlip": "Change Software Management Slip",
		"SystemSpecialOrderRequirementSpecificationDocument": "(System) Special Order Requirement Specification Document",
		"SystemSpecialOrderCustomizationSetUpDocument": "(System) Special Order Customization Set Up Document",
		"SystemSpecialOrderSoftwareDesignPlans": "(System) Special Order Software Design Plans",
		"SystemSpecialOrderSpecification": "(System) Special Order Specification",
		"SystemSpecialOrderSoftwareTestSpecificationsCertificate": "(System) Special Order Software Test Specifications/Certificate",
		"SystemSpecialOrderSoftwareDesignReport": "(System) Specification Report of Special Order",
		"SystemCustomizationCheckSpecificationsCertificate": "(System) Customization Check Specifications/Certificate",
		"SystemOperationTestPlanningDocumentDebriefReport": "(System) Operation Test Planning Document/Debrief Report",
		"Old2SystemSoftwareDocument": "(Old2) System Software Document",
		"Old2SoftwareProjectPlanEvalReport": "(Old2) Software Project Plan/Evaluation Report",
		"Old2SystemRequirementSpecification": "(Old2) System Requirement Specification",
		"Old2SystemMethodDetailDesign": "(Old2) System Method Detail Design",
		"SoftwareIntroductionPlanResultRecord": "Software Introduction Plan/Result Record",
		"SoftwareOperationPlanImplementManual": "Software Operation Plan/Implement Manual",
		"SoftwareMaintenancePlanImplementManual": "Software Maintenance Plan/Implement Manual",
		"SoftwareConfigurationManagementPlanRecord": "Software Configuration Management Plan/Record",
		"SoftwareEnvironmentMaintenancePlanRecord": "Software Environment Maintenance Plan/Record",
		"SoftwareProcessImprovementPlanRecord": "Software Process Improvement Plan/Record",
		"SoftwareEducationTrainingPlanRecord": "Software Education & Training Plan/Record",
		"SoftwareRiskAnalysisSheet": "Software Risk Analysis Sheet",
		"SoftwareAcquisitionPlanProposal": "Software Acquisition Plan & Proposal",
		"SoftwareSupplyProposal": "Software Supply Proposal",
		"SoftwareTestPlanResultReport": "Software Test Plan/Result Report",
		"DesignSheet": "Design Sheet",
		"ImplementLevelItemSheet": "Implement Level Item Sheet",
		"InvestigationItemsTable": "Investigation Items Table",
		"DesignChangeListOfTrialProduct": "Design Change List of Trial Product",
		"DesignChangePlansOfTrialProduct": "Design Change Plans of Trial Product",
		"ChangeDrawingNotification": "Change Drawing Notification",
		"DesignChangePlansAssesmentPlansReport": "Design Change Plans/Assessment Plans/Report (Design Change Plans)",
		"DesignChangeList": "Design Change List",
		"DesignChangeECNForExternal": "Design Change ECN for External",
		"DesignChangeAssesmentPlansTypeATypeB": "Design Change Assessment Plans (Type A/Type B)",
		"DesignChangeReportTypeATypeB": "Design Change Report (Type A/Type B)",
		"ChangeMBOMInstruction": "Change M-BOM Instruction",
		"TreatingIntroducingProductPlans": "Treating Introducing Product Plans",
		"IntroducingProductDocumentListTreatingIntroducingProductList": "Introducing Product Document List/Treating Introducing Product List",
		"SystemChangingPlansOfSystematicProductsNotification": "(System) Changing Plans of Systematic Products/Notification",
		"SystemAssesmentPlansOfPriorChangeSystematicProductsReport": "(System) Assessment Plans of Prior Change Systematic Products/Report",
		"SystemAssesmentPlansOfAfterChangeSystematicProductsReport": "(System) Assessment Plans of After Change Systematic Products/Report",
		"ProductionPlans": "Production Plans",
		"TransferDesignInformationConfirmation": "Transfer Design Information Confirmation",
		"DMRReviewPlansCompletionReport": "DMR Review Plans/Completion Report",
		"CommodificationFinalConfirmation": "Commodification Final Confirmation",
		"WorkContactTrialProduction": "Work Contact (Trial Production)",
		"TomiokaProductionPlans": "Tomioka Production Plans",
		"TomiokaConfirmationOfCompletedProductionTransfer": "Tomioka Confirmation of Completed Production Transfer",
		"TomiokaConfirmationOfReviewProductionTransfer": "Tomioka Confirmation of Review Production Transfer",
		"TomiokaDMRReviewPlansCompletionReport": "Tomioka DMR Review Plans/Completion Report",
		"TomiokaPreparationForProductionProgressConfirmation": "Tomioka Preparation for Production/Progress Confirmation",
		"TomiokaRiskAnalysisChecksheetForProduction": "Tomioka Risk Analysis Checksheet for Production",
		"TomiokaChecklistForHumanErrorReduction": "Tomioka Checklist for Human Error Reduction",
		"TomiokaRequestPaperTransferDesign": "Tomioka Request Paper (Transfer Design)",
		"TomiokaMinutesTransferDesign": "Tomioka Minutes (Transfer Design)",
		"TomiokaBOMRegistrationCommucationSheet": "Tomioka BOM Registration Commucation Sheet",
		"TomiokaPreliminarySurveyRequestPaper": "Tomioka Preliminary Survey Request Paper",
		"TomiokaChangeDrawingNotification": "Tomioka Change Drawing Notification",
		"ApplicationFormForChangePartsRanking": "Application Form for Change Parts Ranking",
		"ApplicationFormForChangeProductClassification": "Application Form for Change Product Classification",
		"ApplicationFormForManufacturingOrder": "Application Form for Manufacturing Order",
		"ApplicationFormForSpecialControlClassification": "Application Form for Special Control Classification",
		"KawamotoInspectionClassificationContact": "Kawamoto Inspection Classification Contact",
		"KawamotoWorkContact": "Kawamoto Work Contact",
		"KawamotoWorkContactMassProduction": "Kawamoto Work Contact (Mass Production)",
		"TomiokaMinutesProduction": "Tomioka Minutes (Production)",
		"TomiokaCommunicationForProductionEngineeringWorking": "Tomioka Communication for Production Engineering Working",
		"TomiokaConfirmationOfDMRReviewInTheFactory": "Tomioka Confirmation of DMR Review in the Factory",
		"TomiokaReport": "Tomioka Report",
		"ConfirmationReportOfMoldInspection": "Confirmation Report of Mold Inspection",
		"TomiokaRecordOfAssesmentTrialProduct": "Tomioka Record of Assessment Trial Product",
		"TomiokaSMTProgramInformation": "Tomioka SMT Program Information",
		"TomiokaInformationOfAppearanceInspectionDevice": "Tomioka Information of Appearance Inspection Device",
		"NewProductProductionTransferTechnicalInformationList": "New Product Production Transfer Technical Information List",
		"KawamotoBOMRegistrationCommucationSheet": "Kawamoto BOM Registration Commucation Sheet",
		"KawamotoPreliminarySurveyRequestPaper": "Kawamoto Preliminary Survey Request Paper",
		"KawamotoChangeDrawingNotification": "Kawamoto Change Drawing Notification",
		"KawamotoRiskAnalysisChecksheetForProduction": "Kawamoto Risk Analysis Checksheet for Production",
		"KawamotoProductionEquipmentDesignDevelopmentChecklist": "Kawamoto Production Equipment Design Development Checklist",
		"OutsourcingPlan": "Outsourcing Plan",
		"DesignInformationReceiptConfirmation": "Design Information Receipt Confirmation",
		"OutsourcingLastConfirmation": "Outsourcing Last Confirmation",
		"OutsourcingEndPlanAndEndReport": "Outsourcing End Plan and End Report",
		"FengxianProductionPlans": "Fengxian Production Plans",
		"FengxianDesignChangePreliminarySurveyRequestPaper": "Fengxian Design Change Preliminary Survey Request Paper",
		"FengxianDMRReviewPlansCompletionReport": "Fengxian DMR Review Plans/Completion Report",
		"FengxianCommodificationFinalConfirmation": "Fengxian Commodification Final Confirmation",
		"FengxianRequestPaper": "Fengxian Request Paper",
		"FengxianMinutes": "Fengxian Minutes",
		"FengxianReport": "Fengxian Report",
		"FengxianChangeDrawingNotification": "Fengxian Change Drawing Notification",
		"FengxianCommunicationForProductionEngineeringWorking": "Fengxian Communication for Production Engineering Working",
		"MaintenanceInspectionManual": "Maintenance/Inspection Manual",
		"ServiceManualDraft": "Service Manual (Draft)",
		"TransferRepairConfirmationSheetReport": "Transfer Repair Confirmation Sheet/Report",
		"ServiceHumanErrorCountermeasureReport": "Service Human Error Countermeasure Report",
		"InspectionManual": "Inspection Manual",
		"DeliveryAndInstallationManual": "Delivery and Installation Manual",
		"SensitiveInspectionManual": "Sensitive Inspection Manual",
		"OperationConfirmManual": "Operation Confirm Manual",
		"RelatedInstructions": "Related Instructions",
		"PartsListForRepairs": "Parts List For Repairs",
		"InspectionRecord": "Inspection Record",
		"TestPlans": "Test Plans",
		"CertificateOfElectromagneticInterferenceTesting": "Certificate of Electromagnetic Interference Testing",
		"CertificateOfElectromagneticJammingTesting": "Certificate of Electromagnetic Jamming Testing",
		"CertificateOfVibrationTest": "Certificate of Vibration Test",
		"MalfunctionOfEvaluationTestDocument": "Malfunction of Evaluation Test Document",
		"LaboratoryReport": "Laboratory Report",
		"CorrectiveActionDocument": "Corrective Action Document",
		"CorrectiveActionDocumentForPurchasing": "Corrective Action Document (For Purchasing)",
		"RequestFormForImproveMalfunction": "Request Form for Improve Malfunction",
		"PreventiveActionDocument": "Preventive Action Document",
		"AssessmentProductPlansAssessmentTable": "Assessment Product Plans/Assessment Table",
		"PharmaceuticalApplicationForm": "Pharmaceutical Application Form",
		"InternationalRegulatoryApplicationForm": "International Regulatory Application Form",
		"ExternalApprovalFile": "External Approval File",
		"IVDTraceabilitySystemDiagram": "IVD Traceability System Diagram",
		"DeliverySpecification": "Delivery Specification",
		"ManufacturerDisclosureStatement": "Manufacturer Disclosure Statement",
		"SamplerProductionLetterOfRequestCommunicationSheetOfReleaseOfDrawing": "Sampler production letter of request/Communication Sheet of Release of Drawing",
		"Minutes": "Minutes",
		"RequestForm": "Request Form",
		"Report": "Report",
		"Proposal": "Proposal",
		"RequestForMakingTemporaryPartsSpecificationDocument": "Request for Making Temporary Parts Specification Document",
		"Notification": "Notification",
		"ReviewReport": "Review Report",
		"RequestFormOfRegisterDirections": "Request Form of Register Directions",
		"RequestFormOfRegisterDirectionsForTrial": "Request Form of Register Directions (For Trial)",
		"PartsConsiderationRequestForm": "Parts Consideration Request Form",
		"AdvancedTechnologyDevelopmentPlans": "Advanced Technology Development Plans",
		"DevelopmentStatusReport": "Development Status Report",
		"AdvancedTechnologyReport": "Advanced Technology Report",
		"CompletedSuspendedAdvancedTechnologyConfirmation": "Completed (Suspended) Advanced Technology Confirmation",
		"ProductConceptDraft": "Product Concept Draft",
		"DesignPlanCatalogImageIdeaSketch": "Design Plan (Catalog Image/Idea Sketch)",
		"ConceptDevelopmentPlans": "Concept Development Plans",
		"ProductDraftSpecificationDocument": "Product Draft Specification Document",
		"TaskManagementList": "Task Management List",
		"InvestmentProfitTrialBalanceSheet": "Investment Profit Trial Balance Sheet",
		"ReportOfCompletedConceptDevelopment": "Report of Completed Concept Development",
		"ConceptDevelopmentPlansBrief": "Concept Development Plans (brief)",
		"ApplicationFormOfReviewMockUp": "Application Form of Review Mock-up",
		"ProductDevelopmentPlansProposal": "Product Development Plans Proposal",
		"ProductProposal": "Product Proposal",
		"PSDSMainBody": "PSDS Main Body",
		"PSDSCheckList": "PSDS Check List",
		"AddendumDocumentForPSDSCheckList": "Addendum Document for PSDS Check List",
		"MDSMDS2": "MDS/MDS2",
		"PartsType": "Parts type",
		"MarketPartsClass": "Market parts Class",
		"PartsClassDrawingClass": "Parts class (Drawing class)",
		"PartsClassPartsType": "Parts class (Parts type)",
		"PartsClassDrawingsSize": "Parts class (Drawings size)",
		"DocumentClassification": "Document Classification",
		"DocumentClassName": "Document Class (name)",
		"DrawingsSizeClass": "Drawings size Class",
		"TechnologyManagementDocumentClass": "Technology management document Class",
		"TechnologyManagementDocumentName": "Technology management document Name",
		"GENERAL": "Application Error",
		"MESSAGE1": "Type is Not Valid",
		"MESSAGE2": "Multiple Objects Cannot be Dropped",
		"MESSAGE3": "Object State is not Valid",
		"MESSAGE4": "",
        "MESSAGE5":"typeName is Empty",
        "MESSAGE6":"Item configuration is Wrong",
        "MESSAGE7":"Option configuration is Wrong",
		"MESSAGE8":"Object Not Having Parent",
		"MESSAGE9":"Object with the parent Product name does not exist",
		"MESSAGE10":"Part No is already Registered",
		"REREGISTER": "Re-Register Part Number",
		"CONFIRM": "Confirmation",
		"REGISTER": "Register the Part Number  ({0}) in the following Object: May I",
		"SUCCESS": "Part Number Registration is Successful"
	},
	"ja": {
		"DropZone": "採番対象をドラッグ＆ドロップしてください",
		"CurrentNo": "現在の品番",
		"DetailedItems": "品番タイプごとの詳細項目",
		"Next": "次へ",
		"Cancel": "キャンセル",
		"ConceptProductName": "製品型名(コンセプト)",
		"ProductName": "製品型名",
		"ClassificationCapabilities": "機能区分",
		"ClassificationCategory": "機能分類",
		"Electrical" : "電気",
		"Mechanical" : "機械",
		"ConceptSpecificParts": "仕様部品(コンセプト)",
		"MarketParts": "市場部品",
		"SpecificParts": "仕様部品",
		"ConceptDocument": "ドキュメント(コンセプト)",
		"Document": "ドキュメント",
		"ConceptTechnologyManagementDocument": "技管ドキュメント(コンセプト)",
		"TechnologyManagementDocument": "技管ドキュメント",
		"Folder": "フォルダ",
		"DocumentMBOM": "ドキュメント (M-BOM)",
		"TechnologyManagementDocumentMBOM": "技管ドキュメント (M-BOM)",
		"FolderMBOM": "フォルダ (M-BOM)",
		"ServiceParts": "保守パーツ",
		"MarketPartsCode": "市場部品コード",
		"SupplementaryMaterialCode": "補助材コード",
		"MoldDiagram": "型図面",
		"StandardProductDiagram": "標準品図面",
		"SpecialOrderProductDiagram": "特注品図面",
		"ProductionEquipmentDiagram": "生産設備図面",
		"JigToolDiagram": "治工具類図面",
		"ElectricalSpecificParts": "電気仕様部品",
		"MechanicalSpecificParts": "機械仕様部品",
		"PanelPartsManuscript": "ﾊﾟﾈﾙ部品・原稿",
		"PackingMaterial": "包装材料",
		"ComplexParts": "複合部品",
		"BodyNameplateSculptureDrawing": "本体銘板彫刻図",
		"PrintSubstrate": "ﾌﾟﾘﾝﾄ基板",
		"SpecificationConcerned": "仕様書関係",
		"RegulationConfigurationTableConcerned": "規格表・構成表関係",
		"DrawingConcerned": "図面関係",
		"ProductionProcessConcerned": "生産工程関係",
		"ManualConcerned": "手順書関係",
		"ChecklistConcerned": "ﾁｪｯｸｼｰﾄ関係",
		"AttachmentConcerned": "付属書関係",
		"QualityGuaranteedConcerned": "品質保証関係",
		"ValidationDesignConcerned": "ﾊﾞﾘﾃﾞｰｼｮﾝ・設計書関係",
		"Other": "その他",
		"ProductSpecificationDocument": "製品仕様書",
		"UnitSpecificationDocument": "半製品仕様書",
		"SpecialOrderSpecificationDocument": "特注品仕様書",
		"JigToolSpecificationDocument": "治工具仕様書",
		"SoftwareSpecificationDocument": "ｿﾌﾄｳｪｱ仕様書",
		"(NA)FunctionSpecificationDocument": "(欠番)機能仕様書",
		"(NA)SystemSpecificationDocument": "(欠番)ｼｽﾃﾑ仕様書",
		"PackingSpecificationDocument": "包装仕様書",
		"CoatingSpecificationDocument": "塗装仕様書",
		"ProductSpecificationTableDetailedSpecification": "製品規格表/製品詳細設計書",
		"UnitSpecificationTableDetailedSpecification": "半製品規格表/半製品詳細設計書",
		"SpecialOrderSpecificationTableDetailedSpecification": "特注品規格表",
		"ProductConfigurationTable": "製品構成表",
		"UnitProductConfigurationTable": "半製品構成表",
		"SpecialOrderProductConfigurationTable": "特注品構成表",
		"JigAndToolStructureList": "治工具構成表",
		"CircuitDiagramBlockDiagram": "回路図・ﾌﾞﾛｯｸ図",
		"AssemblyDiagram": "組立図",
		"OutsideDrawing": "外観図・ﾃﾞｻﾞｲﾝ図",
		"CircuitDiagramJigAndTool": "回路図（治工具）",
		"AssemblyDrawingJigAndTool": "組立図（治工具）",
		"CircuitDiagramSpecialOrder": "回路図（特注品）",
		"AssemblyDrawingSpecialOrder": "組立図（特注品）",
		"OutsideDrawingSpecialOrder": "外観図（特注品）",
		"BoardMeasurementsChart": "ﾎﾞｰﾄﾞ寸法表",
		"ProductionFlowDiagram": "生産ﾌﾛｰ図",
		"QCProcessDiagram": "QC工程図",
		"ManufactureFlow": "製造フロー",
		"PartsCheckInstructions": "部品検査手順書",
		"AcceptanceCheckInstructions": "受入検査手順書",
		"WiringInstructions": "配線手順書",
		"AssemblyInstructions": "組立手順書",
		"AssemblyWiringInstructions": "組立配線手順書",
		"InProcessCheckInstructions": "工程内検査手順書",
		"CompletedProductCheckInstructions": "完成品検査手順書",
		"PackingInstructions": "包装手順書",
		"RemodeInstructions": "改造手順書",
		"AcceptanceChecksheet": "受入検査ﾁｪｯｸｼｰﾄ",
		"WiringChecksheet": "配線ﾁｪｯｸｼｰﾄ",
		"AssemblyChecksheet": "組立ﾁｪｯｸｼｰﾄ",
		"InProcessChecksheet": "工程内検査ﾁｪｯｸｼｰﾄ",
		"CompletedProductChecksheet": "完成品検査ﾁｪｯｸｼｰﾄ",
		"MoldChecksheet": "型検査ﾁｪｯｸｼｰﾄ",
		"PartsChecksheet": "部品検査ﾁｪｯｸｼｰﾄ",
		"AssemblyWiringChecksheet": "組立・配線ﾁｪｯｸｼｰﾄ",
		"PackingChecksheet": "包装ﾁｪｯｸｼｰﾄ",
		"OperatorsManualJapanese": "取扱説明書（国内）",
		"OperatorsManualOversea": "取扱説明書（海外）",
		"DomesticServiceManualInstallationManagementStandard": "ｻｰﾋﾞｽﾏﾆｭｱﾙ（国内）/設置管理基準書",
		"ServiceManualOversea": "ｻｰﾋﾞｽﾏﾆｭｱﾙ（海外）",
		"OperatorsManualCDROM": "取扱説明書（CDROM版）",
		"AttachmentHighlightDocument": "添付文書（ﾊｲﾗｲﾄ文書）",
		"RecurrentTestManual": "リカレントテストマニュアル",
		"DomesticMaintenanceInspectionManual": "保守点検ﾏﾆｭｱﾙ(国内)",
		"RecyclingInformationDocument": "ﾘｻｲｸﾙ情報書",
		"KeyPartsList": "キーパーツリスト",
		"ValidationPlan": "ﾊﾞﾘﾃﾞｰｼｮﾝ計画書",
		"DeviceTraceabilityMatrix": "デバイストレーサビリティマトリクス",
		"PrototypeDesignChangeInstruction": "試作品設計変更提案書/通知",
		"DesignChangeInstructionNotification": "設計変更指示書/通知(ECO/ECN)",
		"CSVPlans": "CSV計画書",
		"QMSSoftwareValidationSystemSuitabilityTestTable": "QMSｿﾌﾄｳｪｱﾊﾞﾘﾃﾞｰｼｮﾝ／ｼｽﾃﾑ適切性検証表",
		"RevisionConfigurationTable": "ﾘﾋﾞｼﾞｮﾝ構成表",
		"QualityStandards": "製品標準書（製造販売業用）/品質標準書（動物医療機器）",
		"ProductStandards": "DMR（製品標準書）",
		"UnitProductLedger": "半製品台帳",
		"FileOfConformityWithBasicRequirements": "基本要件適合ﾌｧｲﾙ",
		"ChecksheetOfConformityWithBasicRequirements": "基本要件適合性ﾁｪｯｸﾘｽﾄ",
		"A1": "A1",
		"A2": "A2",
		"A3": "A3",
		"A4": "A4",
		"Electronization": "電子化",
		"JigConcerned": "治具関係",
		"ProductionEquipmentDataConcerned": "生産設備ﾃﾞｰﾀ関係",
		"(NA)SystemCheckSpecificationsCertificate": "(欠番)ｼｽﾃﾑ検査仕様書/成績書",
		"ForJiguSensitiveInspectionDocument": "治具・精度点検等用ﾄﾞｷｭﾒﾝﾄ",
		"English": "英語",
		"Chinese": "中国語",
		"OtherLanguage": "その他言語",
		"Domestic": "国内",
		"InstallationManagementStandardDocument": "設置管理基準書",
		"ReviewConcerned": "審査関係",
		"DesignData": "設計データ",
		"SoftwareConcerned": "ソフトウェア関係",
		"DesignChangeConcerned": "設計変更関係",
		"DesignTransferAndProductionConcerned": "設計移管及び生産関係",
		"ServiceConcerned": "サービス関係",
		"QualityConcerned": "品質関係",
		"MeetingRequestNoticeReportConcerned": "議事録依頼連絡報告等",
		"ConceptDevelopment": "コンセプト開発",
		"ProductDevelopmentPlans": "商品開発計画書",
		"Attachment": "付属書",
		"DesignReviewProposal": "設計審査提案書",
		"TrialProductReviewProposal": "試作品審査提案書",
		"CommodificationReviewProposal": "商品化審査提案書",
		"DomesticSalesStrategyReviewProposal": "国内販売戦略審査提案書",
		"OverseasSalesStrategyReviewProposal": "海外販売戦略審査提案書",
		"ProductRequirementsDevelopmentTable": "製品要求展開表",
		"ReviewProcessCompletionConfirmation": "審査・工程完了確認書",
		"ConsiderationAdministrationTable": "検討事項管理表",
		"ApplicationFormForDevelopmentPlans": "開発計画変更申請書",
		"FileOfRiskManagement": "ﾘｽｸﾏﾈｼﾞﾒﾝﾄﾌｧｲﾙ",
		"RiskAnalysisAuxiliaryChecklistNA": "欠番 ﾘｽｸ分析補助ﾁｪｯｸﾘｽﾄ(北米向け)",
		"RiskAnalysisAuxiliaryChecklistBio": "欠番 ﾘｽｸ分析補助ﾁｪｯｸﾘｽﾄ(医療機器用)",
		"ReportOfRiskManagement": "ﾘｽｸﾏﾈｼﾞﾒﾝﾄ報告書",
		"ProductDevelopmentPlan": "欠番 商品開発計画書",
		"PlansOfProductIntroduction": "商品導入計画書",
		"PlansOfElementTechnologyDevelopment": "要素技術開発計画書",
		"ConsiderationDocumentOfProductsIntroduction": "商品導入検討資料",
		"AssessmentPlansOfProductsIntroduction": "商品導入評価計画書",
		"PlansOfProductSales": "製品販売計画書",
		"ProductManufacturingContractPlan": "商品製造委託計画書",
		"PlansOfProductDisposition": "商品整理計画書",
		"PlansOfApproveDisposition": "承認整理計画書",
		"CustomerRequirementsInputDevelopmentTable": "顧客要求Input展開表",
		"RiskManagementPlan": "リスクマネジメント計画書",
		"RM_Table": "RM_Table",
		"PS_Table": "PS_Table",
		"RiskManagementReport": "リスクマネジメント報告書",
		"PostMarketSurveillancePlan": "市販後調査計画書",
		"PostMarketSurveillanceReport": "市販後調査報告書",
		"CyberSecurityRiskManagementPlanAnalyzeReport": "サイバーセキュリティリスクマネジメント計画書／分析書／報告書",
		"ClinicalAssessmentPlansPerformanceAssessmentPlans": "臨床評価計画書/性能評価計画書",
		"ClinicalAssessmentReportPerformanceAssessmentReport": "臨床評価報告書/性能評価報告書",
		"SSCP_SSP": "SSCP/SSP",
		"ClinicalDevelopmentPlan": "臨床開発計画書",
		"SystematicProductProjectPlanningDocument": "(ｼｽﾃﾑ)ｼｽﾃﾑ品ﾌﾟﾛｼﾞｪｸﾄ計画書",
		"SystemAddendum": "(ｼｽﾃﾑ)付属書",
		"QualityTable": "品質表",
		"ClarificationOfProperty": "特質の明確化表",
		"WorkBreakdownStructure": "分解図",
		"BOM": "部品表",
		"NewlyAdoptedParts": "新規採用部品ﾘｽﾄ",
		"MinutesOfPriorReview": "事前ﾚﾋﾞｭｰ議事録",
		"MainChecklist": "ﾒｲﾝﾁｪｯｸﾘｽﾄ",
		"SubChecklist": "ｻﾌﾞﾁｪｯｸﾘｽﾄ",
		"DesignHistoryFile": "設計履歴ﾌｧｲﾙ",
		"HistoryOfManufacturingTrialProduct": "試作品製造履歴",
		"FunctionAndPerformanceConfirmationChecksheet": "機能性能確認ﾁｪｯｸｼｰﾄ",
		"CatalogImage": "ｶﾀﾛｸﾞｲﾒｰｼﾞ",
		"IdeaSketch": "ｱｲﾃﾞｱｽｹｯﾁ",
		"DesignTrihedralFigure": "欠番 ﾃﾞｻﾞｲﾝ三面図",
		"Rendering": "欠番 完成予想図",
		"DesignChecklist": "ﾃﾞｻﾞｲﾝﾁｪｯｸﾘｽﾄ",
		"DesignCompletedReport": "ﾃﾞｻﾞｲﾝ完了報告書",
		"DesignSpecificationDocument": "ﾃﾞｻﾞｲﾝ仕様書",
		"UserManualDraft": "取扱い説明書(案)",
		"AddendumDraft": "添付文書(案)",
		"ProductionTransferConfirmation": "欠番 設計移管確認書",
		"UserInterfaceSpecification": "ユーザインタフェース仕様書(ユーザビリティ仕様書)",
		"UserInterfaceAssessmentPlans": "ユーザインタフェース評価計画書(ユーザビリティ評価計画書)",
		"UserInterfaceAssessmentReport": "ユーザインタフェース評価報告書(ユーザビリティ評価報告書)",
		"UsabilityProcessReport": "ユーザビリティプロセス報告書",
		"UsabilityProcessPlan": "ユーザビリティプロセス計画書",
		"UESpecificationsRelatedToUse": "UE使用関連仕様",
		"UERiskAssessmentSheet": "UEリスクアセスメントシート",
		"HFEUEResport": "HFE/UE Report",
		"BasicTechnologyDesignKnowhow": "基本技術(設計ﾉｳﾊｳ)",
		"AssessmentPlans": "評価計画書",
		"EvaluationTestReport" : "評価/試験報告書",
		"EvaluationTestPlanningDocumentReport": "評価試験計画書/報告書",
		"SystemMinutesOfRequirementsSpecificationReview": "(ｼｽﾃﾑ)要求仕様ﾚﾋﾞｭｰ議事録",
		"SystemMinutesOfDesignReview": "(ｼｽﾃﾑ)設計ﾚﾋﾞｭｰ議事録",
		"SystemMinutesOfCustomizationReview": "(ｼｽﾃﾑ)ｶｽﾀﾏｲｽﾞﾚﾋﾞｭｰ議事録",
		"NewSoftwareDevelopmentPlans": "(新)ｿﾌﾄｳｪｱ開発計画書",
		"NewSoftwareRequirementSpecificationDocument": "(新)ｿﾌﾄｳｪｱ要求仕様書",
		"NewSoftwareArchitectureDetailedSpecification": "(新)ｿﾌﾄｳｪｱｱｰｷﾃｸﾁｬ設計書",
		"NewSoftwareDetailedSpecification": "(新)ｿﾌﾄｳｪｱ詳細設計書",
		"NewSoftwareUnitTestSpecificationsCertificate": "(新)ｿﾌﾄｳｪｱﾕﾆｯﾄﾃｽﾄ仕様書/成績書",
		"NewIntegrationTestSpecificationsCertificate": "(新)結合ﾃｽﾄ仕様書/成績書",
		"NewSystemCheckSpecificationsCertificate": "(新)ｼｽﾃﾑ検査仕様書/成績書",
		"NewSystemArchitectureDetailedSpecification": "(新)ｼｽﾃﾑｱｰｷﾃｸﾁｬ設計書",
		"NewSoftwareTestPlanningDocumentDebriefReport": "(新)ｿﾌﾄｳｪｱﾃｽﾄ計画書/結果報告書",
		"NewBasicOperationDocumentation": "(新)基本動作説明書",
		"TraceabilityMatrix": "トレーサビリティマトリクス",
		"Old1ProgramSpecification": "(旧1)ﾌﾟﾛｸﾞﾗﾑ仕様書",
		"Old1ModuleSpecification": "(旧1)ﾓｼﾞｭｰﾙ仕様書",
		"Old1DataStructureSpecification": "(旧1)ﾃﾞｰﾀ構造仕様書",
		"Old1UnitTestSpecification": "(旧1)単体ﾃｽﾄ仕様書",
		"Old1IntegratedTestSpecification": "(旧1)結合ﾃｽﾄ仕様書",
		"Old1CodeReviewReport": "(旧1)ｺｰﾄﾞﾚﾋﾞｭｰ報告書",
		"Old1OperationsTestPlanResult": "(旧1)運用ﾃｽﾄ計画/結果記録",
		"Old1UnitTestResultReport": "(旧1)単体ﾃｽﾄ報告書",
		"Old1IntegratedTestResultReport": "(旧1)結合ﾃｽﾄ報告書",
		"Old1SystemCheckReport": "(旧1)ｼｽﾃﾑ検査報告書",
		"Old1CodeChecklist": "(旧1)ｺｰﾄﾞﾁｪｯｸﾘｽﾄ",
		"Old1UnitTestSpecificationCertificate": "(旧1)単体ﾃｽﾄ仕様書/成績書",
		"Old2SoftwareITSpecificationReport": "(旧2)ｿﾌﾄｳｪｱ結合ﾃｽﾄ仕様/成績書",
		"Old2SoftwareConformityTestSpecificationReport": "(旧2)ｿﾌﾄｳｪｱ適合ﾃｽﾄ仕様書/成績書",
		"Old2SoftwareRequirementSpecification": "(旧2)ｿﾌﾄｳｪｱ要求仕様書",
		"Old2SoftwareMethodDetailDesign": "(旧2)ｿﾌﾄｳｪｱ方式設計書",
		"Old2SoftwareDetailDesign": "(旧2)ｿﾌﾄｳｪｱ詳細設計書",
		"Old2CordTestRecord": "(旧2)ｺｰﾄﾞ作成･ﾃｽﾄ記録書",
		"Old2SystemIntegratedRecord": "(旧2)ｼｽﾃﾑ結合記録書",
		"Old2SystemConformityTestSpecificationReport": "(旧2)ｼｽﾃﾑ適合ﾃｽﾄ仕様書/成績書",
		"ChangeSoftwareManagementSlip": "ｿﾌﾄｳｪｱ変更管理票",
		"SystemSpecialOrderRequirementSpecificationDocument": "(ｼｽﾃﾑ)特注要求仕様書",
		"SystemSpecialOrderCustomizationSetUpDocument": "(ｼｽﾃﾑ)ｶｽﾀﾏｲｽﾞ設定書",
		"SystemSpecialOrderSoftwareDesignPlans": "(ｼｽﾃﾑ)特注ｿﾌﾄｳｪｱ設計計画書",
		"SystemSpecialOrderSpecification": "(ｼｽﾃﾑ)特注設計書",
		"SystemSpecialOrderSoftwareTestSpecificationsCertificate": "(ｼｽﾃﾑ)特注ｿﾌﾄｳｪｱﾃｽﾄ仕様書/成績書",
		"SystemSpecialOrderSoftwareDesignReport": "(ｼｽﾃﾑ)特注ｿﾌﾄｳｪｱ設計報告書",
		"SystemCustomizationCheckSpecificationsCertificate": "(ｼｽﾃﾑ)ｶｽﾀﾏｲｽﾞ検査仕様書/成績書",
		"SystemOperationTestPlanningDocumentDebriefReport": "(ｼｽﾃﾑ)運用ﾃｽﾄ計画書/成績書",
		"Old2SystemSoftwareDocument": "欠番 (旧2)ｼｽﾃﾑｿﾌﾄｳｪｱﾄﾞｷｭﾒﾝﾄ",
		"Old2SoftwareProjectPlanEvalReport": "欠番 (旧2)ｿﾌﾄｳｪｱﾌﾟﾛｼﾞｪｸﾄ計画書/評価報告書",
		"Old2SystemRequirementSpecification": "欠番 (旧2)ｼｽﾃﾑ要求仕様書",
		"Old2SystemMethodDetailDesign": "欠番 (旧2)ｼｽﾃﾑ方式設計書",
		"SoftwareIntroductionPlanResultRecord": "欠番 ｿﾌﾄｳｪｱ導入計画/結果記録書",
		"SoftwareOperationPlanImplementManual": "欠番 ｿﾌﾄｳｪｱ運用計画･実施手順書",
		"SoftwareMaintenancePlanImplementManual": "欠番 ｿﾌﾄｳｪｱ保守計画･実施書",
		"SoftwareConfigurationManagementPlanRecord": "欠番 ｿﾌﾄｳｪｱ構成管理計画･実施記録書",
		"SoftwareEnvironmentMaintenancePlanRecord": "欠番 ｿﾌﾄｳｪｱ環境整備計画･実施記録書",
		"SoftwareProcessImprovementPlanRecord": "欠番 ｿﾌﾄｳｪｱﾌﾟﾛｾｽ改善計画･実施記録書",
		"SoftwareEducationTrainingPlanRecord": "欠番 ｿﾌﾄｳｪｱ教育訓練計画･実施記録書",
		"SoftwareRiskAnalysisSheet": "欠番 ｿﾌﾄｳｪｱﾘｽｸ分析表",
		"SoftwareAcquisitionPlanProposal": "欠番 ｿﾌﾄｳｪｱ取得計画及び提案(見積り)依頼書",
		"SoftwareSupplyProposal": "欠番 ｿﾌﾄｳｪｱ供給提案書",
		"SoftwareTestPlanResultReport": "欠番 ｿﾌﾄｳｪｱﾃｽﾄ計画書/結果報告書",
		"DesignSheet": "欠番 ﾃﾞｻﾞｲﾝｼｰﾄ",
		"ImplementLevelItemSheet": "欠番 実施ﾚﾍﾞﾙ項目表",
		"InvestigationItemsTable": "欠番 検討事項管理表",
		"DesignChangeListOfTrialProduct": "試作品設計変更リスト",
		"DesignChangePlansOfTrialProduct": "試作品設計変更計画書",
		"ChangeDrawingNotification": "図面類変更通知",
		"DesignChangePlansAssesmentPlansReport": "設計変更計画書/評価計画書/報告書(設計変更計画書)",
		"DesignChangeList": "設計変更ﾘｽﾄ",
		"DesignChangeECNForExternal": "設計変更ECN 社外用",
		"DesignChangeAssesmentPlansTypeATypeB": "設計変更評価計画書(Type A/Type B)",
		"DesignChangeReportTypeATypeB": "設計変更評価報告書(Type A/Type B)",
		"ChangeMBOMInstruction": "M-BOM変更指示書",
		"TreatingIntroducingProductPlans": "導入商品変更処理計画書",
		"IntroducingProductDocumentListTreatingIntroducingProductList": "導入商品ﾄﾞｷｭﾒﾝﾄﾘｽﾄ/導入商品変更処理ﾘｽﾄ",
		"SystemChangingPlansOfSystematicProductsNotification": "(ｼｽﾃﾑ)ｼｽﾃﾑ品変更計画/通知書",
		"SystemAssesmentPlansOfPriorChangeSystematicProductsReport": "(ｼｽﾃﾑ)ｼｽﾃﾑ品変更事前評価計画書/報告書",
		"SystemAssesmentPlansOfAfterChangeSystematicProductsReport": "(ｼｽﾃﾑ)ｼｽﾃﾑ品変更事後評価計画書/報告書",
		"ProductionPlans": "生産計画書",
		"TransferDesignInformationConfirmation": "設計情報移管確認書",
		"DMRReviewPlansCompletionReport": "DMRﾚﾋﾞｭｰ計画/完了報告書",
		"CommodificationFinalConfirmation": "商品化最終確認書",
		"WorkContactTrialProduction": "作業連絡（試作用）",
		"TomiokaProductionPlans": "富岡 生産計画書",
		"TomiokaConfirmationOfCompletedProductionTransfer": "富岡 生産移管完了確認書",
		"TomiokaConfirmationOfReviewProductionTransfer": "富岡 生産計画書レビュー確認書",
		"TomiokaDMRReviewPlansCompletionReport": "富岡 DMRﾚﾋﾞｭｰ計画/完了報告書",
		"TomiokaPreparationForProductionProgressConfirmation": "富岡 生産準備・進捗確認書",
		"TomiokaRiskAnalysisChecksheetForProduction": "富岡 生産用リスク分析チェックシート",
		"TomiokaChecklistForHumanErrorReduction": "富岡 ヒューマンエラー削減チェックリスト",
		"TomiokaRequestPaperTransferDesign": "富岡 依頼書(設計移管関係)",
		"TomiokaMinutesTransferDesign": "富岡 議事録(設計移管関係)",
		"TomiokaBOMRegistrationCommucationSheet": "富岡 BOM登録連絡書",
		"TomiokaPreliminarySurveyRequestPaper": "富岡 事前調査依頼書",
		"TomiokaChangeDrawingNotification": "富岡 図面類変更通知",
		"ApplicationFormForChangePartsRanking": "部品格付変更申請書",
		"ApplicationFormForChangeProductClassification": "製品区分変更申請書",
		"ApplicationFormForManufacturingOrder": "製造命令指図申請書",
		"ApplicationFormForSpecialControlClassification": "特別管理区分登録・変更申請書",
		"KawamotoInspectionClassificationContact": "川本 検査区分連絡",
		"KawamotoWorkContact": "川本 作業連絡",
		"KawamotoWorkContactMassProduction": "川本 作業連絡（量産試作用）",
		"TomiokaMinutesProduction": "富岡 議事録(生産関係)",
		"TomiokaCommunicationForProductionEngineeringWorking": "富岡 生技作業連絡",
		"TomiokaConfirmationOfDMRReviewInTheFactory": "富岡 工場内DMRﾚﾋﾞｭｰ確認書",
		"TomiokaReport": "富岡 報告書",
		"ConfirmationReportOfMoldInspection": "型検収確認報告書",
		"TomiokaRecordOfAssesmentTrialProduct": "富岡 試作品評価の記録",
		"TomiokaSMTProgramInformation": "富岡 SMTプログラム情報",
		"TomiokaInformationOfAppearanceInspectionDevice": "富岡 外観検査装置情報",
		"NewProductProductionTransferTechnicalInformationList": "新製品生産移管技術情報一覧",
		"KawamotoBOMRegistrationCommucationSheet": "川本 BOM登録連絡",
		"KawamotoPreliminarySurveyRequestPaper": "川本 事前調査依頼書",
		"KawamotoChangeDrawingNotification": "川本 図面類変更通知",
		"KawamotoRiskAnalysisChecksheetForProduction": "川本 生産リスク分析チェックリスト",
		"KawamotoProductionEquipmentDesignDevelopmentChecklist": "川本 生産設備設計開発チェックリスト",
		"OutsourcingPlan": "アウトソーシング計画書",
		"DesignInformationReceiptConfirmation": "設計情報受領確認書",
		"OutsourcingLastConfirmation": "アウトソーシング最終確認書",
		"OutsourcingEndPlanAndEndReport": "アウトソーシング終了計画兼終了報告書",
		"FengxianProductionPlans": "奉賢 生産計画書",
		"FengxianDesignChangePreliminarySurveyRequestPaper": "奉賢 設計変更事前調査依頼書",
		"FengxianDMRReviewPlansCompletionReport": "奉賢 DMRﾚﾋﾞｭｰ計画/完了報告書",
		"FengxianCommodificationFinalConfirmation": "奉賢 商品化最終確認書",
		"FengxianRequestPaper": "奉賢 依頼書",
		"FengxianMinutes": "奉賢 議事録",
		"FengxianReport": "奉賢 報告書",
		"FengxianChangeDrawingNotification": "奉賢 図面類変更通知",
		"FengxianCommunicationForProductionEngineeringWorking": "奉賢 生技作業連絡",
		"MaintenanceInspectionManual": "保守点検ﾏﾆｭｱﾙ",
		"ServiceManualDraft": "ｻｰﾋﾞｽﾏﾆｭｱﾙ案",
		"TransferRepairConfirmationSheetReport": "修理移管確認書・報告書",
		"ServiceHumanErrorCountermeasureReport": "サービス ヒューマンエラー対策検討報告書",
		"InspectionManual": "点検手順書",
		"DeliveryAndInstallationManual": "納品設置手順書",
		"SensitiveInspectionManual": "精度点検手順書",
		"OperationConfirmManual": "動作確認手順書",
		"RelatedInstructions": "関連手順書",
		"PartsListForRepairs": "補修用部品ﾘｽﾄ",
		"InspectionRecord": "点検記録表",
		"TestPlans": "試験計画書",
		"CertificateOfElectromagneticInterferenceTesting": "電磁障害試験成績書",
		"CertificateOfElectromagneticJammingTesting": "電磁妨害試験成績書",
		"CertificateOfVibrationTest": "振動試験成績書",
		"MalfunctionOfEvaluationTestDocument": "評価試験不具合書",
		"LaboratoryReport": "実験報告書",
		"CorrectiveActionDocument": "是正処置書",
		"CorrectiveActionDocumentForPurchasing": "是正処置書(購買用)",
		"RequestFormForImproveMalfunction": "不具合改善依頼書",
		"PreventiveActionDocument": "予防処置書",
		"AssessmentProductPlansAssessmentTable": "製品ｱｾｽﾒﾝﾄ計画・評価表",
		"PharmaceuticalApplicationForm": "薬事申請書",
		"InternationalRegulatoryApplicationForm": "海外法規申請書",
		"ExternalApprovalFile": "外部認証ﾌｧｲﾙ",
		"IVDTraceabilitySystemDiagram": "IVDﾄﾚｰｻﾋﾞﾘﾃｨ体系図",
		"DeliverySpecification": "納入仕様書",
		"ManufacturerDisclosureStatement": "医療機器セキュリティのための製造業者開示説明書（MDS2/MDS）",
		"SamplerProductionLetterOfRequestCommunicationSheetOfReleaseOfDrawing": "試作品生産依頼書/出図連絡書",
		"Minutes": "議事録",
		"RequestForm": "依頼書",
		"Report": "報告書",
		"Proposal": "提案書",
		"RequestForMakingTemporaryPartsSpecificationDocument": "仮部品仕様書作成依頼",
		"Notification": "開催通知",
		"ReviewReport": "レビュー報告書",
		"RequestFormOfRegisterDirections": "指図登録依頼書",
		"RequestFormOfRegisterDirectionsForTrial": "指図登録依頼書(試作用)",
		"PartsConsiderationRequestForm": "部品検討依頼書",
		"AdvancedTechnologyDevelopmentPlans": "先行技術開発計画書",
		"DevelopmentStatusReport": "開発状況報告書",
		"AdvancedTechnologyReport": "先行技術報告書",
		"CompletedSuspendedAdvancedTechnologyConfirmation": "先行技術完了(中止)確認書",
		"ProductConceptDraft": "商品ｺﾝｾﾌﾟﾄ素案",
		"DesignPlanCatalogImageIdeaSketch": "ﾃﾞｻﾞｲﾝ案(ｶﾀﾛｸﾞｲﾒｰｼﾞ/ｱｲﾃﾞｱｽｹｯﾁ)",
		"ConceptDevelopmentPlans": "ｺﾝｾﾌﾟﾄ開発計画書",
		"PSAnalysisSheet": "PS分析表",
		"ProductDraftSpecificationDocument": "製品仕様書案",
		"TaskManagementList": "課題管理表",
		"InvestmentProfitTrialBalanceSheet": "投資採算試算表",
		"ReportOfCompletedConceptDevelopment": "ｺﾝｾﾌﾟﾄ開発完了報告書",
		"ConceptDevelopmentPlansBrief": "ｺﾝｾﾌﾟﾄ開発計画書(簡易版)",
		"ApplicationFormOfReviewMockUp": "ﾓｯｸｱｯﾌﾟﾚﾋﾞｭｰ申請書",
		"ProductDevelopmentPlansProposal": "商品開発計画提案書",
		"ProductProposal": "商品企画書",
		"PSDSMainBody": "PSDS本体",
		"PSDSCheckList": "PSDSチェックリスト",
		"AddendumDocumentForPSDSCheckList": "PSDS添付資料他",
		"MDSMDS2": "MDS/MDS2",
		"PartsType": "品目タイプ",
		"MarketPartsClass": "市場部品区分",
		"PartsClassDrawingClass": "部品分類(図面区分)",
		"PartsClassPartsType": "部品分類(部品種別)",
		"PartsClassDrawingsSize": "部品分類(図面サイズ)",
		"DocumentClassification": "ドキュメント分類(分類)",
		"DocumentClassName": "ドキュメント分類(名称)",
		"DrawingsSizeClass": "図面サイズ区分",
		"TechnologyManagementDocumentClass": "技管ドキュメント分類",
		"TechnologyManagementDocumentName": "技管ドキュメント名称",
		"GENERAL": "アプリケーションエラー",
		"MESSAGE1": "「タイプが無効です」",
		"MESSAGE2": "複数のオブジェクトをドロップすることはできません",
		"MESSAGE3": "オブジェクトの状態が無効です",
		"MESSAGE4": "",
   	    "MESSAGE5":"typeName が空です",
        "MESSAGE6":"アイテム構成が間違っています",
        "MESSAGE7":"オプション設定が間違っています",
		"MESSAGE8":"Object Not Having Parent",
		"MESSAGE9":"Object with the parent Product name does not exist",
		"MESSAGE10":"Part No is already Registered",
		"REREGISTER": "品番再登録",
		"CONFIRM": "確認",
		"REGISTER": "以下のオブジェクトに品番({0})を登録します。よろしいですか？",
		"SUCCESS": "品番の登録が成功しました"
	},
	"zh": {
		"DropZone": "拖放编号目标",
		"CurrentNo": "当前零件编号",
		"DetailedItems": "每个零件编号类型的详细项目",
		"Next": "下一步",
		"Cancel": "取消",
		"ConceptProductName": "要素开发产品型号",
		"ProductName": "产品型号",
		"ClassificationCapabilities": "分类能力",
		"ClassificationCategory": "功能分类",
		"Electrical": "电气",
		"Mechanical": "机械",
		"MarketParts": "市场部品",
		"ConceptSpecificParts": "要素开发 仕样部品",
		"SpecificParts": "仕样部品",
		"ConceptDocument": "要素开发 文档",
		"Document": "文档",
		"ConceptTechnologyManagementDocument": "要素开发 技术管理文档",
		"TechnologyManagementDocument": "技术管理文档",
		"Folder": "文件夹",
		"DocumentMBOM": "文档 (M-BOM)",
		"TechnologyManagementDocumentMBOM": "技术管理文档 (M-BOM)",
		"FolderMBOM": "文件夹 (M-BOM)",
		"ServiceParts": "维修部品",
		"MarketPartsCode": "市场部品代码",
		"SupplementaryMaterialCode": "辅助材料代码",
		"MoldDiagram": "模具图纸",
		"StandardProductDiagram": "标准图纸",
		"SpecialOrderProductDiagram": "特制品图纸",
		"ProductionEquipmentDiagram": "生产设备图纸",
		"JigToolDiagram": "夹具工具图纸",
		"ElectricalSpecificParts": "电气仕様部品",
		"MechanicalSpecificParts": "机械仕様部品",
		"PanelPartsManuscript": "面板部件和手稿",
		"PackingMaterial": "包装材料",
		"ComplexParts": "复合材料部品",
		"BodyNameplateSculptureDrawing": "车身铭牌雕塑图",
		"PrintSubstrate": "印拼板",
		"SpecificationConcerned": "仕样书相关",
		"RegulationConfigurationTableConcerned": "法规表/构成表相关",
		"DrawingConcerned": "图纸相关",
		"ProductionProcessConcerned": "生产过程相关",
		"ManualConcerned": "程序手册相关",
		"ChecklistConcerned": "清单相关",
		"AttachmentConcerned": "附录相关",
		"QualityGuaranteedConcerned": "质量保证相关",
		"ValidationDesignConcerned": "妥当性/设计书",
		"Other": "其他",
		"ProductSpecificationDocument": "产品仕样书",
		"UnitSpecificationDocument": "半成品仕样书",
		"SpecialOrderSpecificationDocument": "特制品仕样书",
		"JigToolSpecificationDocument": "夹具工具仕样书",
		"SoftwareSpecificationDocument": "软件仕样书",
		"(NA)FunctionSpecificationDocument": "(N/A)机能性能仕样书",
		"(NA)SystemSpecificationDocument": "(N/A)系统仕样书",
		"PackingSpecificationDocument": "包装仕样书",
		"CoatingSpecificationDocument": "涂装仕样书",
		"ProductSpecificationTableDetailedSpecification": "产品规格表/产品详细设计书",
		"UnitSpecificationTableDetailedSpecification": "半成品规格表/半成品详细设计书",
		"SpecialOrderSpecificationTableDetailedSpecification": "特制品规格表",
		"ProductConfigurationTable": "产品构成表",
		"UnitProductConfigurationTable": "半成品构成表",
		"SpecialOrderProductConfigurationTable": "特制品构成表",
		"JigAndToolStructureList": "夹具工具构成表",
		"CircuitDiagramBlockDiagram": "电路图/方框图",
		"AssemblyDiagram": "装配图",
		"OutsideDrawing": "外观图",
		"CircuitDiagramJigAndTool": "电路图（夹具工具）",
		"AssemblyDrawingJigAndTool": "组装图（夹具工具）",
		"CircuitDiagramSpecialOrder": "电路图（特制品）",
		"AssemblyDrawingSpecialOrder": "装配图（特制品）",
		"OutsideDrawingSpecialOrder": "外观图（特制品）",
		"BoardMeasurementsChart": "基板尺寸图",
		"ProductionFlowDiagram": "生产流程图",
		"QCProcessDiagram": "QC过程图",
		"ManufactureFlow": "制造流程",
		"PartsCheckInstructions": "部品检查程序手册",
		"AcceptanceCheckInstructions": "接受检查程序手册",
		"WiringInstructions": "接线程序手册",
		"AssemblyInstructions": "装配程序手册",
		"AssemblyWiringInstructions": "装配接线程序手册",
		"InProcessCheckInstructions": "流程检查程序手册",
		"CompletedProductCheckInstructions": "完成品检查程序手册",
		"PackingInstructions": "包装仕样书程序手册",
		"RemodeInstructions": "改造程序手册",
		"AcceptanceChecksheet": "接受检查记录表",
		"WiringChecksheet": "接线检查记录表",
		"AssemblyChecksheet": "装配检查记录表",
		"InProcessChecksheet": "流程检查记录表",
		"CompletedProductChecksheet": "完成品检查记录表",
		"MoldChecksheet": "型式检查记录表",
		"PartsChecksheet": "部品检查记录表",
		"AssemblyWiringChecksheet": "装配接线检查记录表",
		"PackingChecksheet": "包装检查记录表",
		"OperatorsManualJapanese": "使用说明书（日本）",
		"OperatorsManualOversea": "使用说明书（海外）",
		"DomesticServiceManualInstallationManagementStandard": "维修手册（国内）/安装管理标准文件",
		"ServiceManualOversea": "维修手册（海外）",
		"OperatorsManualCDROM": "使用说明书(CDROM)",
		"AttachmentHighlightDocument": "添附文件（亮点文件）",
		"RecurrentTestManual": "经常性测试手册",
		"DomesticMaintenanceInspectionManual": "维护点检手册（国内）",
		"RecyclingInformationDocument": "回收信息文件",
		"PSAnalysisSheet": "PS分析表",
		"KeyPartsList": "关键部件表",
		"ValidationPlan": "妥当性计划书",
		"DeviceTraceabilityMatrix": "設備可追溯性矩阵",
		"PrototypeDesignChangeInstruction": "试制品设计变更指示书",
		"DesignChangeInstructionNotification": "设计变更指示书/通知(ECO/ECN)",
		"CSVPlans": "CSV计划书",
		"QMSSoftwareValidationSystemSuitabilityTestTable": "QMS软件验证/系统适用性测试表",
		"RevisionConfigurationTable": "修订版本构成表",
		"QualityStandards": "质量标准书",
		"ProductStandards": "产品标准书",
		"UnitProductLedger": "半成品台账",
		"FileOfConformityWithBasicRequirements": "基本要求符合性文件",
		"ChecksheetOfConformityWithBasicRequirements": "基本要求符合性检查记录表",
		"A1": "A1",
		"A2": "A2",
		"A3": "A3",
		"A4": "A4",
		"Electronization": "电算化",
		"JigConcerned": "夹具相关",
		"ProductionEquipmentDataConcerned": "生产设备数据相关",
		"(NA)SystemCheckSpecificationsCertificate": "(N/A)系统检查仕样书/成绩书",
		"ForJiguSensitiveInspectionDocument": "夹具精度点检等用文档",
		"English": "英语",
		"Chinese": "中文",
		"OtherLanguage": "其他语言",
		"Domestic": "国内",
		"InstallationManagementStandardDocument": "安装管理标准文件",
		"ReviewConcerned": "审查相关",
		"DesignData": "设计数据",
		"SoftwareConcerned": "软件相关",
		"DesignChangeConcerned": "设计变更相关",
		"DesignTransferAndProductionConcerned": "设计移管生产相关",
		"ServiceConcerned": "服务相关",
		"QualityConcerned": "质量相关",
		"MeetingRequestNoticeReportConcerned": "议事录依赖联络报告书相关",
		"ConceptDevelopment": "概念开发",
		"ProductDevelopmentPlans": "商品开发计划书",
		"Attachment": "附录书",
		"DesignReviewProposal": "设计审查提案书",
		"TrialProductReviewProposal": "试制品审查提案书",
		"CommodificationReviewProposal": "商品化审查提案书",
		"DomesticSalesStrategyReviewProposal": "国内销售战略审查提案书",
		"OverseasSalesStrategyReviewProposal": "海外销售战略审查提案书",
		"ProductRequirementsDevelopmentTable": "产品要求展开表",
		"ReviewProcessCompletionConfirmation": "审查过程完成确认书",
		"ConsiderationAdministrationTable": "研讨事项管理表",
		"ApplicationFormForDevelopmentPlans": "开发计划变更申请书",
		"FileOfRiskManagement": "风险管理文件",
		"RiskAnalysisAuxiliaryChecklistNA": "风险分析副检查清单(北美)",
		"RiskAnalysisAuxiliaryChecklistBio": "风险分析副检查清单(医疗仪器)",
		"ReportOfRiskManagement": "风险管理报告",
		"ProductDevelopmentPlan": "商品开发计划书",
		"PlansOfProductIntroduction": "商品导入计划书",
		"PlansOfElementTechnologyDevelopment": "要素技术开发计划书",
		"ConsiderationDocumentOfProductsIntroduction": "商品导入研讨资料",
		"AssessmentPlansOfProductsIntroduction": "商品导入评价计划书",
		"PlansOfProductSales": "产品销售计划书",
		"ProductManufacturingContractPlan": "商品製造外包计划书",
		"PlansOfProductDisposition": "商品整理计划书",
		"PlansOfApproveDisposition": "承认整理计划书",
		"CustomerRequirementsInputDevelopmentTable": "顧客要求Input展開表",
		"RiskManagementPlan": "リスクマネジメント計画書",
		"RM_Table": "RM_Table",
		"PS_Table": "PS_Table",
		"RiskManagementReport": "リスクマネジメント報告書",
		"PostMarketSurveillancePlan": "市贩以后调查价计划书",
		"PostMarketSurveillanceReport": "市贩以后调查价报告书",
		"CyberSecurityRiskManagementPlanAnalyzeReport": "网络安全风险管理计划/分析/报告",
		"ClinicalAssessmentPlansPerformanceAssessmentPlans": "臨床评价计划书/性能评价计划书",
		"ClinicalAssessmentReportPerformanceAssessmentReport": "臨床评价报告书/性能评价报告书",
		"SSCP_SSP": "SSCP/SSP",
		"ClinicalDevelopmentPlan": "臨床开发计划",
		"SystematicProductProjectPlanningDocument": "（系统）系统产品项目计划书",
		"SystemAddendum": "（系统）附录",
		"NewSoftwareDevelopmentPlans": "（新）软件开发计划书",
		"NewSoftwareRequirementSpecificationDocument": "（新）软件要求仕样书",
		"NewSoftwareArchitectureDetailedSpecification": "（新）软件系统架构设计书",
		"NewSoftwareDetailedSpecification": "（新）软件详细设计书",
		"NewSoftwareUnitTestSpecificationsCertificate": "（新）软件单元测试仕样书/成绩书",
		"NewIntegrationTestSpecificationsCertificate": "（新）结合测试仕样书/成绩书",
		"NewSystemCheckSpecificationsCertificate": "（新）系统检查仕样书/成绩书",
		"NewSystemArchitectureDetailedSpecification": "（新）系统架构设计书",
		"NewSoftwareTestPlanningDocumentDebriefReport": "（新）软件测试计划书/结果报告书",
		"NewBasicOperationDocumentation": "（新）基本动作说明书",
		"TraceabilityMatrix": "可追溯性矩阵",
		"Old1ProgramSpecification": "(旧1) 程序仕样书",
		"Old1ModuleSpecification": "(旧1) 模仕样书",
		"Old1DataStructureSpecification": "(旧1) 数据构造仕样书",
		"Old1UnitTestSpecification": "(旧1) 単体测试仕样书",
		"Old1IntegratedTestSpecification": "(旧1) 结合测试仕样书",
		"Old1CodeReviewReport": "(旧1) 代码审查报告书",
		"Old1OperationsTestPlanResult": "(旧1) 操作测试计划书/结果记录",
		"Old1UnitTestResultReport": "(旧1) 単体测试报告书",
		"Old1IntegratedTestResultReport": "(旧1) 结合测试报告书",
		"Old1SystemCheckReport": "(旧1) 系统检查报告书",
		"Old1CodeChecklist": "(旧1) 代码检查记录表",
		"Old1UnitTestSpecificationCertificate": "(旧1) 単体测试仕样书/成绩书",
		"Old2SoftwareITSpecificationReport": "(旧2) 软件结合测试仕样书/成绩书",
		"Old2SoftwareConformityTestSpecificationReport": "(旧2) 软件符合性测试仕样书/成绩书",
		"Old2SoftwareRequirementSpecification": "(旧2) 软件基本要求仕样书",
		"Old2SoftwareMethodDetailDesign": "(旧2) 软件制设计书",
		"Old2SoftwareDetailDesign": "(旧2) 软件详细设计书",
		"Old2CordTestRecord": "(旧2) 代码创建/测试记录书",
		"Old2SystemIntegratedRecord": "(旧2) 系统结合记录书",
		"Old2SystemConformityTestSpecificationReport": "(旧2) 系统符合性测试仕样书/成绩书",
		"ChangeSoftwareManagementSlip": "软件变更管理票",
		"SystemSpecialOrderRequirementSpecificationDocument": "（系统）定制要求仕样书",
		"SystemSpecialOrderCustomizationSetUpDocument": "（系统）定制品设定书",
		"SystemSpecialOrderSoftwareDesignPlans": "（系统）特殊品软件设计计划书",
		"SystemSpecialOrderSpecification": "（系统）特殊品设计书",
		"SystemSpecialOrderSoftwareTestSpecificationsCertificate": "（系统）特殊品软件测试仕样书/成绩书",
		"SystemSpecialOrderSoftwareDesignReport": "（系统）特殊品软件设计报告书",
		"SystemCustomizationCheckSpecificationsCertificate": "（系统）定制品检查仕样书/成绩书",
		"SystemOperationTestPlanningDocumentDebriefReport": "（系统）操作测试计划书/成绩书",
		"Old2SystemSoftwareDocument": "(旧2) 系统软件文件",
		"Old2SoftwareProjectPlanEvalReport": "软件工程计划书/评价报告书",
		"Old2SystemRequirementSpecification": "(旧2) 系统基本要求仕样书",
		"Old2SystemMethodDetailDesign": "(旧2) 系统制设计书",
		"SoftwareIntroductionPlanResultRecord": "软件导入计划/结果记录手册",
		"SoftwareOperationPlanImplementManual": "软件操作计划/实施程序手册",
		"SoftwareMaintenancePlanImplementManual": "软件点检计划/实施手册",
		"SoftwareConfigurationManagementPlanRecord": "软件构成管理计划/实施记录手册",
		"SoftwareEnvironmentMaintenancePlanRecord": "软件环境维护计划/实施记录手册",
		"SoftwareProcessImprovementPlanRecord": "软件过程改进计划/实施记录手册",
		"SoftwareEducationTrainingPlanRecord": "软件教育与培训计划/实施记录手册",
		"SoftwareRiskAnalysisSheet": "软件风险分析表",
		"SoftwareAcquisitionPlanProposal": "软件取得计划和提案（估计）依赖书",
		"SoftwareSupplyProposal": "软件供提案书",
		"SoftwareTestPlanResultReport": "软件测试计划书/结果报告书",
		"DesignSheet": "设计表",
		"ImplementLevelItemSheet": "实施级别项目表",
		"InvestigationItemsTable": "研讨事项管理表",
		"DesignChangeListOfTrialProduct": "试制品设计变更清单",
		"DesignChangePlansOfTrialProduct": "试制品设计变更计划书",
		"ChangeDrawingNotification": "图纸类变更通知",
		"DesignChangePlansAssesmentPlansReport": "设计变更计划书/评价计划书/报告书(设计变更计划书)",
		"DesignChangeList": "设计变更清单",
		"DesignChangeECNForExternal": "设计变更ECN（外部用）",
		"DesignChangeAssesmentPlansTypeATypeB": "设计变更评价计划书(Type A/Type B)",
		"DesignChangeReportTypeATypeB": "设计变更评价报告书(Type A/Type B)",
		"ChangeMBOMInstruction": "M-BOM变更指示书",
		"TreatingIntroducingProductPlans": "导入商品变更处理计划书",
		"IntroducingProductDocumentListTreatingIntroducingProductList": "导入商品文档清单/导入商品变更处理清单",
		"SystemChangingPlansOfSystematicProductsNotification": "（系统）系统品变更计划/通知书",
		"SystemAssesmentPlansOfPriorChangeSystematicProductsReport": "（系统）系统品变更事前评价计划书/报告书",
		"SystemAssesmentPlansOfAfterChangeSystematicProductsReport": "（系统）系统品变更事后评价计划书/报告书",
		"ProductionPlans": "生产计划书",
		"TransferDesignInformationConfirmation": "设计信息移管确认书",
		"DMRReviewPlansCompletionReport": "DMR审查计划/完成报告书",
		"CommodificationFinalConfirmation": "商品化最终确认书",
		"WorkContactTrialProduction": "作业联络单（试生产）",
		"TomiokaProductionPlans": "富冈生产计划书",
		"TomiokaConfirmationOfCompletedProductionTransfer": "富冈生产移管完成确认书",
		"TomiokaConfirmationOfReviewProductionTransfer": "富冈生产计划书审查确认书",
		"TomiokaDMRReviewPlansCompletionReport": "富冈DMR审查计划/完成报告书",
		"TomiokaPreparationForProductionProgressConfirmation": "富冈生产准备进度确认书",
		"TomiokaRiskAnalysisChecksheetForProduction": "富冈生产风险分析检查单",
		"TomiokaChecklistForHumanErrorReduction": "富冈人为错误减少检查清单",
		"TomiokaRequestPaperTransferDesign": "富冈依赖书（设计移管相关）",
		"TomiokaMinutesTransferDesign": "富冈议事录（设计移管相关）",
		"TomiokaBOMRegistrationCommucationSheet": "富冈物料表登录联络单",
		"TomiokaPreliminarySurveyRequestPaper": "富冈事前调查依赖书",
		"TomiokaChangeDrawingNotification": "富冈图纸类变更通知",
		"ApplicationFormForChangePartsRanking": "部品分类变更申请书",
		"ApplicationFormForChangeProductClassification": "制品分类变更申请书",
		"ApplicationFormForManufacturingOrder": "生产订购申请书",
		"ApplicationFormForSpecialControlClassification": "特殊控制分类申请表",
		"KawamotoInspectionClassificationContact": "川本 检查区分联络",
		"KawamotoWorkContact": "川本 作业联络单",
		"KawamotoWorkContactMassProduction": "川本 作业联络单（量试用）",
		"TomiokaMinutesProduction": "富冈议事录（生产相关）",
		"TomiokaCommunicationForProductionEngineeringWorking": "富冈生技作业联络单",
		"TomiokaConfirmationOfDMRReviewInTheFactory": "富冈工厂内DMR审查确认书",
		"TomiokaReport": "富冈报告书",
		"ConfirmationReportOfMoldInspection": "型式验收确认报告书",
		"TomiokaRecordOfAssesmentTrialProduct": "富冈试制品评价记录",
		"TomiokaSMTProgramInformation": "富冈SMT程序资料",
		"TomiokaInformationOfAppearanceInspectionDevice": "富冈外观检查设备信息",
		"NewProductProductionTransferTechnicalInformationList": "新产品生产技术转让信息列表",
		"KawamotoBOMRegistrationCommucationSheet": "川本物料表登录联络单",
		"KawamotoPreliminarySurveyRequestPaper": "川本事前调查依赖书",
		"KawamotoChangeDrawingNotification": "川本图纸类变更通知",
		"KawamotoRiskAnalysisChecksheetForProduction": "川本生产用风险分析检查清单",
		"KawamotoProductionEquipmentDesignDevelopmentChecklist": "川本生产设备设计开发检查清单",
		"OutsourcingPlan": "外包计划书",
		"DesignInformationReceiptConfirmation": "设计信息收领确认书",
		"OutsourcingLastConfirmation": "外包最后确认书",
		"OutsourcingEndPlanAndEndReport": "外包结束计划和结束报告",
		"FengxianProductionPlans": "奉贤生产计划书",
		"FengxianDesignChangePreliminarySurveyRequestPaper": "奉贤设计变更事前调查依赖书",
		"FengxianDMRReviewPlansCompletionReport": "奉贤DMR评审计划/完成报告书",
		"FengxianCommodificationFinalConfirmation": "奉贤商品化最终确认书",
		"FengxianRequestPaper": "奉贤依赖书",
		"FengxianMinutes": "奉贤议事录",
		"FengxianReport": "奉贤报告书",
		"FengxianChangeDrawingNotification": "奉贤图纸类变更通知",
		"FengxianCommunicationForProductionEngineeringWorking": "奉贤生技作业联络单",
		"MaintenanceInspectionManual": "维护点检手册",
		"ServiceManualDraft": "服务手册（草案）",
		"TransferRepairConfirmationSheetReport": "修理移管确认书/报告书",
		"ServiceHumanErrorCountermeasureReport": "人为错误对策检讨报告书",
		"InspectionManual": "点检手册",
		"DeliveryAndInstallationManual": "交货设置程序手册",
		"SensitiveInspectionManual": "精度点检程序手册",
		"OperationConfirmManual": "动作确认程序手册",
		"RelatedInstructions": "关联程序手册",
		"PartsListForRepairs": "维修用部品清单",
		"InspectionRecord": "点检记录表",
		"TestPlans": "试验计划书",
		"EvaluationTestReport": "评价试验报告书",
		"CertificateOfElectromagneticInterferenceTesting": "电磁干扰试验成绩书",
		"CertificateOfElectromagneticJammingTesting": "抗电磁干扰试验成绩书",
		"CertificateOfVibrationTest": "振动试验成绩书",
		"MalfunctionOfEvaluationTestDocument": "评价试验不合格报告",
		"LaboratoryReport": "实验报告书",
		"CorrectiveActionDocument": "纠正措施报告",
		"CorrectiveActionDocumentForPurchasing": "纠正措施报告（采购用）",
		"RequestFormForImproveMalfunction": "错误改善申请书",
		"PreventiveActionDocument": "预防处置书",
		"AssessmentProductPlansAssessmentTable": "制品评价计划/评价表",
		"PharmaceuticalApplicationForm": "药事申请书",
		"InternationalRegulatoryApplicationForm": "海外法规申请书",
		"ExternalApprovalFile": "外部认证文件",
		"IVDTraceabilitySystemDiagram": "IVD可追溯系统图",
		"DeliverySpecification": "交货规格说明书",
		"ManufacturerDisclosureStatement": "医療機器セキュリティのための製造業者開示説明書（MDS2/MDS）",
		"SamplerProductionLetterOfRequestCommunicationSheetOfReleaseOfDrawing": "試製品生產委託書/出图联络单",
		"Minutes": "议事录",
		"RequestForm": "依赖书",
		"Report": "报告书",
		"Proposal": "提案书",
		"RequestForMakingTemporaryPartsSpecificationDocument": "临时部品仕样作成申请",
		"Notification": "通知",
		"ReviewReport": "审查报告书",
		"RequestFormOfRegisterDirections": "订购登记申请表",
		"RequestFormOfRegisterDirectionsForTrial": "订购登记申请表（试用）",
		"PartsConsiderationRequestForm": "部品研讨依赖书",
		"AdvancedTechnologyDevelopmentPlans": "先进技术开发计划",
		"DevelopmentStatusReport": "开发状况报告书",
		"AdvancedTechnologyReport": "先进技术报告书",
		"CompletedSuspendedAdvancedTechnologyConfirmation": "先进技术完成（终止）确认书",
		"ProductConceptDraft": "产品概念设计草案",
		"DesignPlanCatalogImageIdeaSketch": "设计计划（目录图片/创意草图）",
		"ConceptDevelopmentPlans": "概念产品开发计划书",
		"ProductDraftSpecificationDocument": "产品仕样书草案",
		"TaskManagementList": "课题管理表",
		"InvestmentProfitTrialBalanceSheet": "投资回报试算表",
		"ReportOfCompletedConceptDevelopment": "概念产品开发完成报告",
		"ConceptDevelopmentPlansBrief": "概念产品开发计划书（简易版）",
		"ApplicationFormOfReviewMockUp": "模型机审查申请书",
		"ProductDevelopmentPlansProposal": "商品开发计划提案书",
		"ProductProposal": "商品企划书",
		"PSDSMainBody": "PSDS本体",
		"PSDSCheckList": "PSDS检查清单",
		"AddendumDocumentForPSDSCheckList": "PSDS附加其他资料",
		"PartsType": "种类类型",
		"MarketPartsClass": "市场部品区分",
		"PartsClassDrawingClass": "部件分类(图纸分类)",
		"PartsClassPartsType": "部件分类(部件类别)",
		"PartsClassDrawingsSize": "部件分类(图纸尺寸)",
		"DocumentClassification": "文档分类(分类)",
		"DocumentClassName": "文档分类(名称)",
		"DrawingsSizeClass": "图纸尺寸区分",
		"TechnologyManagementDocumentClass": "技术管理文档分类",
		"TechnologyManagementDocumentName": "技术管理文档名称",
		"MDSMDS2": "MDS/MDS2",
		"GENERAL": "应用错误",
		"MESSAGE1": "类型无效",
		"MESSAGE2": "不能拖放多个对象",
		"MESSAGE3": "对象状态无效",
		"MESSAGE4": "",
  	    "MESSAGE5":"类型名称为空",
        "MESSAGE6":"專案配置錯誤",
        "MESSAGE7":"選項配置錯誤",
		"MESSAGE8":"Object Not Having Parent",
		"MESSAGE9":"Object with the parent Product name does not exist",
		"MESSAGE10":"Part No is already Registered",
		"REREGISTER": "重新注册零件编号",
		"CONFIRM": "确认",
		"REGISTER": "将零件编号({0})注册到以下对象：可以吗？",
		"SUCCESS": "零件编号注册成功"
	}
}