{
	"en": {
		"DropZone": "Drag and drop the target of the drawing instruction.",
		"CompleteMessage": "'{0}' requested.",
		"ObjectNotReleased": "Select a Document or physical product with a Released Status.",
		"PhysicalProductItemNumberMissed":"The selected physical product has no item number.",
		"DrawingPrintItemNumberMissed":"The selected Document does not have an item number.",
		"PhysicalProductDocumentMissed":"No drawing is tied to the selected physical product.",
		"PDFApprovalMarkMissed":"The selected Document is not associated with a document that has been given an approval stamp.",
		"DocumentItemNumberMissed":"The selected Document does not have an item number.",
		"Ok": "Ok",
		"Cancel": "Cancel",
		"No": "No",
		"Yes": "Yes",
		"Always": "P1:Always",
		"Temporary": "P0:Temporary",
		"Tomioka": "B020:Tomioka",
		"Kawamoto": "B021:Kawamoto",
		"HeadOffice": "B010:Head Office",
		"Tsurugashima": "B011:Tsurugashima",
		"Shanghai": "CN01:Shanghai",
		"CurrentNo": "Current Parts No.",
		"DetailedItems": "Detailed items by Parts type",
		"Next": "Next",
		"ProductName": "Product Name",
		"Document": "Document",
		"GENERAL": "Application Error",        
		"CONFIRM": "Confirmation"		
	},
	"ja": {
		"Always": "P1:Always_ja",
		"Temporary": "P0:Temporary_ja",
		"Tomioka": "B020:Tomioka_ja",
		"Kawamoto": "B021:Kawamoto_ja",
		"HeadOffice": "B010:Head Office_ja",
		"Tsurugashima": "B011:Tsurugashima_ja",
		"Shanghai": "CN01:Shanghai_ja",
		"DropZone": "採番対象をドラッグ＆ドロップしてください",
		"CurrentNo": "現在の品番",
		"DetailedItems": "品番タイプごとの詳細項目",
		"Next": "次へ",
		"Cancel": "キャンセル",		
		"CONFIRM": "確認"
	},
	"zh": {
		"Always": "P1:Always_zh",
		"Temporary": "P0:Temporary_zh",
		"Tomioka": "B020:Tomioka_zh",
		"Kawamoto": "B021:Kawamoto_zh",
		"HeadOffice": "B010:Head Office_zh",
		"Tsurugashima": "B011:Tsurugashima_zh",
		"Shanghai": "CN01:Shanghai_zh",
		"DropZone": "拖放编号目标",
		"CurrentNo": "当前零件编号",
		"DetailedItems": "每个零件编号类型的详细项目",
		"Next": "下一步",
		"Cancel": "取消",		
		"ProductName": "产品型号",		
		"Document": "文档",		
		"CONFIRM": "确认"
	}
}