<?xml version="1.0" encoding="utf-8" ?>
<configuration>
    <INPUT>
        <APRISO_DIR>D:\DIA3\AprisoIn\AprisoDir</APRISO_DIR>
        <XML>D:\DIA3\AprisoIn\NK_ME_Switch_Process.xml</XML>
    </INPUT>
    <OUTPUT>
        <COLLABORATIONSPACE name ="Japan">D:\DIA3\AprisoIn\AprisoOuputData\Japan</COLLABORATIONSPACE>
        <COLLABORATIONSPACE name ="Shanghai">D:\DIA3\AprisoIn\AprisoOuputData\Shanghai</COLLABORATIONSPACE>
    </OUTPUT>
    <LOGGING>
        <LOG_DIR>D:\DIA3\AprisoIn\logs</LOG_DIR>
        <logger>
            <level>FINE</level>
        </logger>
    </LOGGING>
</configuration>