{
  "en": {
    "Engineering_Release_for_Half_Product":"Engineering Release for Half Product",
    "drop_here":"Drop here",
    "Title": "Title",
    "Enterprise Item Number": "Enterprise Item Number",
    "Parts Name": "Parts Name",
    "Revison": "Revison",
    "Revison NK": "Revison NK",
    "Level of Completion": "Level of Completion",
    "Item Type": "Item Type",
    "Materials form Classification": "Materials form Classification",
    "Pharmaceutical parts cord" : "Pharmaceutical parts cord",
    "Knowledge information category" : "Knowledge information category",
    "Manufacturing type" : "Manufacturing type",
    "Trace Type": "Trace Type",
    "semi_finished_product_creation" : "Semi-finished product creation",
    "remove_objects_from_view" : "Remove objects from view",
    "MESSAGE1": "Type is Not Valid",
    "MESSAGE3": "Object State is not Valid",
    "Procurement":"Procurement",
    "Manufacturing":"Manufacturing"
  },
  "ja": {
      "Engineering_Release_for_Half_Product": "半製品のエンジニアリングリリース",
      "drop_here": "ここにドロップ",
      "Title": "タイトル",
      "Enterprise Item Number": "企業アイテム番号",
      "Parts Name": "部品名",
      "Revison": "改訂",
      "Revison NK": "改訂 NK",
      "Level of Completion": "完成度",
      "Item Type": "アイテムタイプ",
      "Materials form Classification": "材料形式分類",
      "Pharmaceutical parts cord": "製薬部品コード",
      "Knowledge information category": "知識情報カテゴリ",
      "Manufacturing type": "製造タイプ",
      "Trace Type": "トレースタイプ",
      "semi_finished_product_creation": "半製品作成",
      "remove_objects_from_view": "ビューからオブジェクトを削除",
      "MESSAGE1": "タイプが無効です",
      "MESSAGE3": "オブジェクトの状態が無効です",
      "Procurement": "調達",
      "Manufacturing": "製造"
  
  
  },
  "zh": {
    "Engineering_Release_for_Half_Product":"BOSSの製造品目管理",
    "drop_here":"ここにドロップ",
    "Title": "タイトル",
    "Enterprise Item Number": "エンタープライズアイテム番号",
    "Parts Name": "部品名",
    "Revison": "改訂",
    "Revison NK": "改訂NK",
    "Level of Completion": "完成度",
    "Item Type": "物品类型",
    "Materials form Classification":  "材料形式分类",
    "Pharmaceutical parts cord" : "药品部件线",
    "Knowledge information category" : "知识信息类别",
    "Manufacturing type" : "制造类型",
    "Trace Type": "追踪类型",
    "semi_finished_product_creation" : "半成品创建",
    "remove_objects_from_view" : "从视图中移除对象",
    "MESSAGE1": "「タイプが無効です」",
    "MESSAGE3": "Object State is not Valid",
    "Procurement":"調達",
    "Manufacturing":"加工"
  }
}