{
  "en": {
    "Manufacturing_Items_Management_for_BOSS":"Manufacturing Items Management for BOSS",
    "drop_here":"Drop here",
    "Title": "Title",
    "Enterprise Item Number": "Enterprise Item Number",
    "Parts Name": "Parts Name",
    "Revison": "Revison",
    "Revison NK": "Revison NK",
    "Level of Completion": "Level of Completion",
    "BOSS Linkage Exclusion Target": "BOSS Linkage Exclusion Target",
    "Outsourcing Process Target (BOSS)": "Outsourcing Process Target (BOSS)",
    "Licle Phase": "Licle Phase",
    "Operation Registration Indication Flag": "Operation Registration Indication Flag",
    "Item Type": "Item Type",
    "Basic Number (Numerator)": "Basic Number (Numerator)",
    "Gathering Material Classification": "Gathering Material Classification",
    "Auxiliary Material Class": "Auxiliary Material Class",
    "automatic_BOSS_linkage_exclusion": "Automatic BOSS linkage exclusion",
    "attribute_change_BOSS_linkage_exclusion_target": "Attribute change: BOSS linkage exclusion target",
    "outsourced_process_item_number_addition": "Outsourced process item number addition",
    "attribute_change_outsourced_process_target": "Attribute change: Outsourced process target",
    "lifecycle_phase_set": "Lifecycle phase set",
    "remove_object_from_view": "Remove object from view",
    "MESSAGE1": "Type is Not Valid",
    "MESSAGE3": "Object State is not Valid",
    "Procurement":"Procurement",
    "Manufacturing":"Manufacturing"
  },
  "ja": {
    "Manufacturing_Items_Management_for_BOSS":"BOSSの製造品目管理",
    "drop_here":"ここにドロップ",
    "Title": "タイトル",
    "Enterprise Item Number": "エンタープライズアイテム番号",
    "Parts Name": "部品名",
    "Revison": "改訂",
    "Revison NK": "改訂NK",
    "Level of Completion": "完成度",
    "BOSS Linkage Exclusion Target": "BOSS連携除外対象",
    "Outsourcing Process Target (BOSS)": "アウトソーシングプロセスターゲット（BOSS）",
    "Licle Phase": "ライクルフェーズ",
    "Operation Registration Indication Flag": "操作登録表示フラグ",
    "Item Type": "アイテムタイプ",
    "Basic Number (Numerator)": "基本番号（分子）",
    "Gathering Material Classification": "収集材料分類",
    "Auxiliary Material Class": "補助材料クラス",
    "automatic_BOSS_linkage_exclusion": "自動BOSS連携除外",
    "attribute_change_BOSS_linkage_exclusion_target": "属性変更「BOSS連携除外対象」",
    "outsourced_process_item_number_addition": "外注工程用品番追加",
    "attribute_change_outsourced_process_target": "属性変更「外注工程対象」",
    "lifecycle_phase_set": "ライフサイクルフェーズセット",
    "remove_object_from_view": "オブジェクトをビューから除去",
    "MESSAGE1": "「タイプが無効です」",
    "MESSAGE3": "オブジェクトの状態が無効です",
    "Procurement":"調達",
    "Manufacturing":"加工"
  },
  "zh": {
    "Manufacturing_Items_Management_for_BOSS":"BOSSの製造品目管理",
    "drop_here":"ここにドロップ",
    "Title": "タイトル",
    "Enterprise Item Number": "エンタープライズアイテム番号",
    "Parts Name": "部品名",
    "Revison": "改訂",
    "Revison NK": "改訂NK",
    "Level of Completion": "完成度",
    "BOSS Linkage Exclusion Target": "BOSS連携除外対象",
    "Outsourcing Process Target (BOSS)": "アウトソーシングプロセスターゲット（BOSS）",
    "Licle Phase": "ライクルフェーズ",
    "Operation Registration Indication Flag": "操作登録表示フラグ",
    "Item Type": "アイテムタイプ",
    "Basic Number (Numerator)": "基本番号（分子）",
    "Gathering Material Classification": "収集材料分類",
    "Auxiliary Material Class": "補助材料クラス",
    "automatic_BOSS_linkage_exclusion": "自动BOSS联动排除",
    "attribute_change_BOSS_linkage_exclusion_target": "属性更改：BOSS联动排除对象",
    "outsourced_process_item_number_addition": "外包工序品号添加",
    "attribute_change_outsourced_process_target": "属性更改：外包工序对象",
    "lifecycle_phase_set": "生命周期阶段设置",
    "remove_object_from_view": "从视图中移除对象",
    "MESSAGE1": "「タイプが無効です」",
    "MESSAGE3": "Object State is not Valid",
    "Procurement":"調達",
    "Manufacturing":"加工"
  }
}