[
  {
    "field": "attribute[PLMEntity.V_Name]",
    "header": "Title",
    "editable": false,
    "cellEditable": false,
    "input": {
      "type": "text"
    },
    "pinned":"true",
    "width": "200px"
  },
  {
    "field": "attribute[EnterpriseExtension.V_PartNumber]",
    "header": "Enterprise Item Number",
    "editable": false,
    "cellEditable": false,
    "input": {
      "type": "text"
    },
    "pinned":"true",
    "width": "200px"
  },
  {
    "field": "attribute[NK_EXT_MBOM_REVISION_SYSTEM.NK_PARTS_NAME]",
    "header": "Parts Name",
    "editable": false,
    "cellEditable": false,
    "input": {
      "type": "text"
    },
    "width": "200px"
  },
  {
    "field": "revision",
    "header": "Revison",
    "editable": false,
    "cellEditable": false,
    "input": {
      "type": "text"
    },
    "width": "100px"
  },
  {
    "field": "attribute[NK_EXT_MBOM_BASE.NK_REVISION]",
    "header": "Revison NK",
    "editable": false,
    "cellEditable": false,
    "input": {
      "type": "text"
    },
    "width": "100px"
  },
  {
    "field": "current",
    "header": "Level of Completion",
    "editable": true,
    "cellEditable": true,
    "input": {
      "type": "text"
    },
    "width": "100px"
  },
  {
    "field": "attribute[NK_EXT_MBOM_REL_BASE.NK_FLAG_NO_BOSS]",
    "header": "BOSS Linkage Exclusion Target",
    "editable": true,
    "cellEditable": true,
    "input": {
      "type": "text"
    },
    "width": "200px"
  },
  {
    "field": "attribute[NK_EXT_MBOM_EXT_OUTSOURCING_BOSS.NK_FLAG_OF_OUTSOURCING_BOSS]",
    "header": "Outsourcing Process Target (BOSS)",
    "editable": true,
    "cellEditable": true,
    "input": {
      "type": "text"
    },
    "width": "200px"
  },
  {
    "field": "attribute[NK_EXT_MBOM_BASE.NK_BOMLIFECYCLE]",
    "header": "Licle Phase",
    "editable": true,
    "cellEditable": true,
    "input": {
      "type": "text"
    },
    "width": "200px"
  },
  {
    "field": "attribute[NK_EXT_MBOM_MANUFACTURE.NK_WORK_PROCEDURE_INSTRUCTION]",
    "header": "Operation Registration Indication Flag",
    "editable": true,
    "cellEditable": true,
    "input": {
      "type": "text"
    },
    "width": "200px"
  },
  {
    "field": "attribute[NK_EXT_MBOM_BASE.NK_PARTS_TYPE]",
    "header": "Item Type",
    "editable": true,
    "cellEditable": true,
    "input": {
      "type": "text"
    },
    "width": "150px"
  },
  {
    "field": "attribute[NK_EXT_MBOM_REL_BASE.NK_NUMERATOR]",
    "header": "Basic Number (Numerator)",
    "editable": true,
    "cellEditable": true,
    "input": {
      "type": "text"
    },
    "width": "200px"
  },
  {
    "field": "attribute[NK_EXT_MBOM_REL_BASE.NK_CLASS_MATERIAL]",
    "header": "Gathering Material Classification",
    "editable": true,
    "cellEditable": true,
    "input": {
      "type": "text"
    },
    "width": "200px"
  },
  {
    "field": "attribute[NK_EXT_MBOM_MANUFACTURE.NK_AUXILIARY_MATERIAL_CLASS]",
    "header": "Auxiliary Material Class",
    "editable": true,
    "cellEditable": true,
    "input": {
      "type": "text"
    },
    "width": "200px"
  }
]