[
  {
    "field": "attribute[PLMEntity.V_Name]",
    "header": "Title",
    "editable": false,
    "cellEditable": false,
    "input": {
      "type": "text"
    },
    "pinned":"true",
    "width": "240px"
  },
  {
    "field": "attribute[EnterpriseExtension.V_PartNumber]",
    "header": "Enterprise Item Number",
    "editable": false,
    "cellEditable": false,
    "input": {
      "type": "text"
    },
    "pinned":"true",
    "width": "200px"
  },
  {
    "field": "attribute[NK_EXT_MBOM_REVISION_SYSTEM.NK_PARTS_NAME]",
    "header": "Parts Name",
    "editable": false,
    "cellEditable": false,
    "input": {
      "type": "text"
    },
    "width": "200px"
  },
  {
    "field": "revision",
    "header": "Revison",
    "editable": false,
    "cellEditable": false,
    "input": {
      "type": "text"
    },
    "width": "100px"
  },
  {
    "field": "attribute[NK_EXT_MBOM_BASE.NK_REVISION]",
    "header": "Revison NK",
    "editable": false,
    "cellEditable": false,
    "input": {
      "type": "text"
    },
    "width": "100px"
  },
  {
    "field": "current",
    "header": "Level of Completion",
    "editable": true,
    "cellEditable": true,
    "input": {
      "type": "text"
    },
    "width": "100px"
  },
  {
    "field": "attribute[EXT_MBOM_BASE.NK_PARTS_TYPE]",
    "header": "Item Type",
    "editable": true,
    "cellEditable": true,
    "input": {
      "type": "text"
    },
    "width": "200px"
  },
  {
    "field": "current",
    "header": "Item type (Material type)",
    "editable": true,
    "cellEditable": true,
    "input": {
      "type": "text"
    },
    "width": "200px"
  },
  {
    "field": "attribute[EXT_EBOM_PARTS.NK_MATERIALS_FORM_CLASSIFICATION]",
    "header": "Materials form classification",
    "editable": true,
    "cellEditable": true,
    "input": {
      "type": "text"
    },
    "width": "200px"
  },
  {
    "field": "attribute[EXT_EBOM_PLANT_COMMON.NK_PHARMACEUTICAL_PARTS_CORD]",
    "header": "Pharmaceutical parts cord",
    "editable": true,
    "cellEditable": true,
    "input": {
      "type": "text"
    },
    "width": "200px"
  },
  {
    "field": "attribute[EXT_EBOM_BASE.NK_KNOWLEDGE_CATEGORY]",
    "header": "Knowledge information category",
    "editable": true,
    "cellEditable": true,
    "input": {
      "type": "text"
    },
    "width": "150px"
  },
  {
    "field": "attribute[EXT_EBOM_PLANT_COMMON.NK_TYPE_PRODUCT]",
    "header": "Manufacturing type",
    "editable": true,
    "cellEditable": true,
    "input": {
      "type": "text"
    },
    "width": "200px"
  },
  {
    "field": "attribute[EXT_EBOM_PLANT_COMMON.NK_TRACE_TYPE]",
    "header": "Trace Type",
    "editable": true,
    "cellEditable": true,
    "input": {
      "type": "text"
    },
    "width": "200px"
  }
 
]