{
  "DROP_IMAGE_PATH": "/3dspace/webapps/DPInstructions/assets/images/drop.PNG",
  "STATE_RELEASE": "Release",
  "STATE_RELEASED": "RELEASED",
  "VPMREFERENCE": "VPMReference",
  "DRAWING_PRINT": "Drawing Print",
  "DOCUMENT": "Document",
  "No": "No",
	"Yes": "Yes",
  "NK_TYPE": "VPMReference,Document,Drawing Print",
  "POST": "POST",
  "GET": "GET",
  "PRODUCT_NAME":"ProductName",
  "langPreferences": [
    {
      "label": "English",
      "value": "en"
    },
    {
      "label": "Japanese",
      "value": "ja"
    },
    {
      "label": "Chinese",
      "value": "zh"
    }
  ]
}
