[
  {
    "field": "EIN",
    "header": "Title",
    "editable": false,
    "cellEditable": false,
    "input": {
      "type": "text"
    },
    "pinned":"true",
    "width": "150px"
  },
  {
    "field": "EIN",
    "header": "Enterprise Item Number",
    "editable": false,
    "cellEditable": false,
    "input": {
      "type": "text"
    },
    "pinned":"true",
    "width": "200px"
  },
  {
    "field": "partName",
    "header": "Parts Name",
    "editable": false,
    "cellEditable": false,
    "input": {
      "type": "text"
    },
    "width": "200px"
  },
  {
    "field": "revision",
    "header": "Revison",
    "editable": false,
    "cellEditable": false,
    "input": {
      "type": "text"
    },
    "width": "100px"
  },
  {
    "field": "revisionNK",
    "header": "Revison NK",
    "editable": false,
    "cellEditable": false,
    "input": {
      "type": "text"
    },
    "width": "100px"
  },
  {
    "field": "level",
    "header": "Level of Completion",
    "editable": true,
    "cellEditable": true,
    "input": {
      "type": "text"
    },
    "width": "100px"
  },
  {
    "field": "itemType",
    "header": "Item Type",
    "editable": true,
    "cellEditable": true,
    "input": {
      "type": "text"
    },
    "width": "200px"
  },
  {
    "field": "itemTypematerial",
    "header": "Materials form Classification",
    "editable": true,
    "cellEditable": true,
    "input": {
      "type": "text"
    },
    "width": "200px"
  },
  {
    "field": "pharmaPartsCord",
    "header": "Pharmaceutical parts cord",
    "editable": true,
    "cellEditable": true,
    "input": {
      "type": "text"
    },
    "width": "200px"
  },
  {
    "field": "knowledgeInfoCategory",
    "header": "Knowledge information category",
    "editable": true,
    "cellEditable": true,
    "input": {
      "type": "text"
    },
    "width": "200px"
  },
  {
    "field": "manufacturingType",
    "header": "Manufacturing type",
    "editable": true,
    "cellEditable": true,
    "input": {
      "type": "text"
    },
    "width": "150px"
  },
  {
    "field": "traceType",
    "header": "Trace Type",
    "editable": true,
    "cellEditable": true,
    "input": {
      "type": "text"
    },
    "width": "150px"
  }
]